분석시간,Component 1,Component 2,Component 3
2026-07-01 08:46,2.388,94.924,0.556
2026-07-01 14:06,2.146,95.005,0.491
2026-07-01 22:02,2.214,94.787,0.491
2026-07-02 08:42,2.535,94.492,0.522
2026-07-02 14:16,2.765,94.3,0.48
2026-07-02 22:01,2.273,94.821,0.535
2026-07-03 08:20,2.789,94.883,0.489
2026-07-03 14:02,2.629,94.849,0.601
2026-07-03 22:00,2.52,94.531,0.512
2026-07-04 08:41,1.754,95.505,0.54
2026-07-04 14:09,1.554,96.03,0.536
2026-07-04 22:44,1.366,95.673,0.519
2026-07-05 08:09,1.045,96.095,0.441
2026-07-05 14:23,1.018,95.834,0.482
2026-07-05 22:10,1.213,96.048,0.562
2026-07-06 08:12,0.823,96.104,0.507
2026-07-06 14:40,0.843,96.212,0.435
2026-07-06 22:03,0.925,96.415,0.407
2026-07-07 08:26,1.569,95.255,0.54
2026-07-07 14:02,1.855,95.3,0.508
2026-07-07 22:34,1.597,95.302,0.583
2026-07-08 08:41,1.71,94.962,0.588
2026-07-08 14:15,2.0,94.916,0.498
2026-07-08 22:35,2.059,94.953,0.529
2026-07-09 08:18,2.548,95.302,0.611
2026-07-09 14:07,2.97,94.937,0.5
2026-07-09 22:20,2.858,94.776,0.472
2026-07-10 08:11,2.506,94.946,0.517
2026-07-10 14:32,2.498,94.797,0.511
2026-07-10 22:48,2.045,95.045,0.474
2026-07-11 08:41,1.875,95.317,0.451
2026-07-11 14:00,1.672,95.155,0.464
2026-07-11 22:00,1.605,95.534,0.494
2026-07-12 08:25,1.306,96.071,0.492
2026-07-12 14:44,1.538,95.37,0.452
2026-07-12 22:31,1.461,95.459,0.524
2026-07-13 08:39,0.887,96.108,0.455
2026-07-13 14:26,0.927,96.151,0.42
2026-07-13 22:14,1.43,96.007,0.613
2026-07-14 08:38,1.332,95.642,0.524
2026-07-14 14:06,1.142,95.708,0.465
2026-07-14 22:21,1.338,95.964,0.523
2026-07-15 08:22,1.687,95.617,0.466
2026-07-15 14:36,1.858,95.534,0.501
2026-07-15 22:19,1.946,95.266,0.43
2026-07-16 08:21,2.677,94.462,0.422
2026-07-16 14:07,2.926,93.746,0.489
2026-07-16 22:32,3.103,94.362,0.48
2026-07-17 08:49,2.756,94.548,0.481
2026-07-17 14:34,2.833,94.63,0.475
2026-07-17 22:45,2.711,94.341,0.432
2026-07-18 08:18,2.292,94.515,0.482
2026-07-18 14:44,2.065,94.614,0.409
2026-07-18 22:35,2.048,95.086,0.493
2026-07-19 08:01,1.317,95.38,0.457
2026-07-19 14:21,1.222,96.109,0.566
2026-07-19 22:29,1.335,95.356,0.607
2026-07-20 08:21,1.373,95.608,0.436
2026-07-20 14:44,1.449,95.597,0.436
2026-07-20 22:23,1.55,95.226,0.469
2026-07-21 08:46,1.333,95.574,0.496
2026-07-21 14:17,1.701,95.644,0.454
2026-07-21 22:34,2.202,95.223,0.529
2026-07-22 08:49,2.704,94.279,0.407
2026-07-22 14:22,2.911,94.429,0.586
2026-07-22 22:21,2.941,94.023,0.461
2026-07-23 08:04,3.088,93.957,0.558
2026-07-23 14:18,3.332,93.818,0.533
2026-07-23 22:04,3.372,94.412,0.528
2026-07-24 08:35,2.757,94.156,0.476
2026-07-24 14:34,3.004,94.178,0.613
2026-07-24 22:27,2.743,94.079,0.49
2026-07-25 08:47,1.798,95.661,0.574
2026-07-25 14:07,1.766,95.54,0.566
2026-07-25 22:12,1.545,95.803,0.543
2026-07-26 08:24,1.715,95.564,0.436
2026-07-26 14:05,1.322,95.686,0.448
2026-07-26 22:12,1.152,95.829,0.549
2026-07-27 08:46,0.798,96.449,0.582
2026-07-27 14:03,0.575,96.114,0.589
2026-07-27 22:36,0.951,96.14,0.525
2026-07-28 08:29,1.582,95.038,0.428
2026-07-28 14:08,1.579,94.891,0.491
2026-07-28 22:10,1.488,95.14,0.457
2026-07-29 08:02,2.067,94.87,0.493
2026-07-29 14:00,2.142,94.973,0.495
2026-07-29 22:31,2.583,94.477,0.469
2026-07-30 08:35,2.942,94.99,0.42
2026-07-30 14:10,2.767,94.918,0.513
2026-07-30 22:42,2.31,94.932,0.513
