날짜,기온,습도,전력수요,아이스크림판매,난방유판매,강수량,방문객,광고비,매출,요일
2025-01-01,7.217707159982279,49.77526479061703,848.1994726053688,173.77103803001873,203.2332270662678,4.477841057662267,1004.3377078800061,45.17175584915127,743.9726721394628,Wednesday
2025-01-02,-2.0046988305498203,69.28545312213262,1692.3139719684114,85.34774950959343,335.0063387935501,6.1954122434517735,1030.0120427650716,32.84951718067178,537.9265467334385,Thursday
2025-01-03,3.917115502242586,53.45877802498413,1104.339040823801,133.09966744351433,247.08263153894237,4.722635313970426,986.2129061766943,33.4228936267733,653.0963282463621,Friday
2025-01-04,1.9231970545357706,54.95405826690911,1293.8718756619046,129.34639486291678,262.50807612349047,2.6564225234494176,1038.0575777210788,30.95730304348285,670.9722247686171,Saturday
2025-01-05,2.134794594729066,52.20262841429175,1249.2387523692457,128.5726545491917,261.1696933862077,6.531324156113702,1033.6055583691627,13.73014377372623,544.6382154328926,Sunday
2025-01-06,2.5937997434357625,60.82413165368099,1201.223699678638,97.83875742409754,249.97559109560743,3.4984163176197196,995.2314027273893,48.52876978786278,637.2550444118017,Monday
2025-01-07,-1.026528845314906,61.71117389311074,1575.6868351195249,72.3229615720054,316.6858296263304,1.4452470344446908,914.1044880911217,37.68481763017644,519.3521582380708,Tuesday
2025-01-08,2.541579876463334,52.03240180067722,1209.576379247179,140.5066527877384,273.70322385769686,7.424131444548708,1043.8895066268785,47.70799068901776,746.2344209928593,Wednesday
2025-01-09,1.270573943593261,62.320792715572,1355.8140664242255,116.22645424013442,285.2598211029686,0.4375240319799603,1037.4860326110959,44.27230418718033,685.1316079229932,Thursday
2025-01-10,9.646110156455483,53.583641274051345,705.0107264232615,146.16081733414325,155.27409957892553,2.8712487295234403,1011.9029508626093,19.150338776509003,574.7936778144712,Friday
2025-01-11,3.4543512026971537,61.006685935003176,1142.8804874767238,107.62225049179861,237.01896439765363,1.1334723613578832,1014.9956641391697,40.69998222296401,637.060817404227,Saturday
2025-01-12,2.303738276440607,54.949611836711554,1237.2948407627612,119.0313216136178,269.8612785102472,14.049252992245272,1009.0517293647406,31.67876979782084,592.1455639647412,Sunday
2025-01-13,2.4562001098305286,66.72508370081312,1207.9398415686476,105.18032660285365,260.7795281292218,11.246680442170264,1012.5009198702113,18.447559369611078,452.00281278711896,Monday
2025-01-14,1.6960076304842349,60.69253192528467,1314.7348963522004,120.84639949005218,255.5834707218682,0.5797730208158102,952.6097186966819,33.07131410755224,575.6569587420519,Tuesday
2025-01-15,0.9386709438236087,58.66461566006012,1352.506022328021,108.93709028968782,268.7020495342651,1.355151938719592,1000.0859494069964,48.97714954266488,687.994340209718,Wednesday
2025-01-16,2.2877831628032665,55.57560206172072,1240.7452297514078,125.92044440565694,262.30565148073794,3.242380793784383,1018.7876194773456,11.304957855144258,553.3239498268816,Thursday
2025-01-17,4.057224263998385,55.5300837303602,1112.9434627748242,115.19814148625089,230.23457210598153,10.60633462486648,972.261526657145,36.59872865451236,634.551198921747,Friday
2025-01-18,2.64370284580503,62.17899769495354,1185.5854460221437,130.73963748531588,276.8047364858241,1.0405192876011025,954.3508287052714,26.621452928421153,588.2831290853948,Saturday
2025-01-19,5.067324097191692,54.601307261754755,1000.6585476050107,170.21352478332633,224.3492483908963,2.2208330866559187,1095.8695938148487,29.863643606695778,667.4115681674866,Sunday
2025-01-20,2.786709940841733,63.16135141586718,1162.6369613039196,110.65571681704083,247.8740135587194,0.7949407590523972,1033.2596507953629,37.41371780790058,625.1127276725608,Monday
2025-01-21,3.2728414868940168,60.285107673292735,1140.4792681860038,146.19007886893507,246.06273879777854,3.1702802759128312,987.5625980236954,17.92195920600755,592.3085056141482,Tuesday
2025-01-22,6.357461604357743,61.64650658557141,876.754107711765,165.8914553649636,220.51845509876028,2.1754533189229104,978.2811798784146,11.862381694037754,540.6582500409537,Wednesday
2025-01-23,4.401005583306244,60.549716675310876,1047.5662038591238,145.18289689972133,224.56552330372196,0.10712629237954686,870.7477107169096,15.983453802060161,590.5932428730308,Thursday
2025-01-24,2.348775466553879,57.806283295077726,1224.116538967888,118.12151702253608,272.4639256145868,0.12816640150547015,931.6208615780279,25.634349808410022,542.3672326989041,Friday
2025-01-25,3.0454427989462713,48.01694605006023,1173.5557755148843,107.25497790943771,258.7070238689798,16.838875517338668,990.4345311075414,36.01873248225051,615.5539466131155,Saturday
2025-01-26,4.547492857041997,57.85485861685175,1074.5958634404371,123.53738865311142,246.44023533409512,2.8358881489697643,1067.337201003668,29.33465073297892,610.4971315957558,Sunday
2025-01-27,7.395358149094838,58.029093645166164,843.034976690253,170.95477154805198,194.38849456663527,7.67001442751285,900.0087045208679,41.73557216272798,773.2275816988418,Monday
2025-01-28,3.048081149774331,58.375996487116076,1183.8431209662,139.40875322037223,250.30660119670807,1.702967801241355,967.914924652675,20.749602818669285,615.9867349612554,Tuesday
2025-01-29,3.165725992716081,60.2495777895768,1159.1530171796635,144.01065446541304,257.8000425379648,0.17726450649837905,1098.6547462136698,14.597607857343885,582.9942050796698,Wednesday
2025-01-30,5.726354507248638,53.060815904963846,947.0366487358834,160.56359780397108,214.8078443186647,6.424676693273252,1036.4294395932027,33.55879049677002,656.2169054195289,Thursday
2025-01-31,2.021033367803725,56.48078539595176,1249.302487410952,130.06584675152118,279.4274863188764,7.2731038085122215,1023.6784819333396,38.55363649211223,621.1636141007432,Friday
2025-02-01,3.286059332169912,52.659207314768786,1113.4830135106286,120.11955894202147,250.14104928611988,0.29558069454273217,1062.6995782473773,29.316640961351933,619.2537278289014,Saturday
2025-02-02,5.713422482313353,62.23876402826208,954.2523686623526,127.9412499198194,234.04983044549238,5.733776945858386,996.9531427328078,12.242758718504017,531.9973191551898,Sunday
2025-02-03,5.191164174157794,56.63903997863938,1024.7812960230874,144.94571873325864,221.18352240398787,4.38155879513088,994.0881137119859,27.716128385855576,579.5024214252363,Monday
2025-02-04,4.298867652933073,54.09847545491526,1072.6890802129456,142.2519154387811,239.9639590471424,0.2935809935162588,1038.719270028851,37.87050098027707,611.3074256226404,Tuesday
2025-02-05,5.5446382738300395,48.90502684478777,954.7283280164934,146.00264652997527,210.36996636356068,1.2436090107229394,1045.5532672770246,24.439969133098288,642.1062412901441,Wednesday
2025-02-06,-1.3601007712021076,60.32154423579635,1657.4286284859459,66.67306260497288,321.73892069484555,0.4132938960744066,949.6368187961668,43.56962378761337,620.5954017964963,Thursday
2025-02-07,6.433803515679797,62.066113147268915,892.6782333024695,144.02676109667885,203.85541220829882,0.7032662917548491,1079.406794216394,19.333820169842774,610.5848886103863,Friday
2025-02-08,2.570010018652802,60.25360021716434,1201.8769782321583,98.76449260786636,263.24164470712725,0.49399450923703725,915.8123795057722,36.90764205301628,574.7400891044891,Saturday
2025-02-09,1.2532840579328983,55.374764888527814,1317.103597498887,112.57605472691444,290.27137760501455,11.484194613416673,968.2646122320731,25.955414370882167,563.3443717116436,Sunday
2025-02-10,5.247724019732365,62.94929558539011,968.6206093290718,126.59401191365981,216.04427404321643,3.4628723445354455,1156.784075807197,14.283637484848665,439.7586137328432,Monday
2025-02-11,6.203284672368445,62.179923009595456,912.5602201720959,147.48913091248608,198.6355478623768,3.6447554519290914,977.4697079322259,20.483291911059254,566.3548640782352,Tuesday
2025-02-12,4.023044221020693,61.68544547927996,1126.0462918990315,137.3933045152094,250.80527804821492,1.7690150077408524,1035.8681150179655,15.426998566966379,583.6156084664727,Wednesday
2025-02-13,2.8731408034086887,61.64557169861386,1182.3420831952187,125.4166984601334,254.17806091926067,2.2171022936801488,952.9740505616078,31.91526768296841,637.3544253058446,Thursday
2025-02-14,5.194531027439097,61.62263407836905,971.3097807936581,162.460389467479,215.5475975957065,5.1610835057742435,987.0591435605907,43.90847732948361,678.2290118050565,Friday
2025-02-15,5.156036675425909,58.591465891387564,982.7938090603902,125.0524312386202,234.27469851324912,1.0126075540129749,967.0818394444742,40.113478772642296,687.640686583493,Saturday
2025-02-16,8.194863273940065,57.31911346846868,783.964883435071,133.18798119127203,184.952091022707,3.1802609136803612,983.1715027651968,35.32620046408528,659.7820312681084,Sunday
2025-02-17,7.003468093877375,50.49709884599175,828.5361034033423,170.59115079865933,168.7659801059869,0.7170518506672512,1035.9372649276463,11.77740537520319,629.3763963527829,Monday
2025-02-18,6.024081079679934,62.67852418951493,932.8004706803841,169.62051142850075,206.0201611962531,0.7541147310007743,1090.5965187953202,34.45811137265258,705.3232255758943,Tuesday
2025-02-19,7.990288487840729,54.763670159864795,814.5963433814552,185.80408730923864,188.10871954389708,1.4791438086134954,1046.829699646163,40.98955997546807,776.7840388096047,Wednesday
2025-02-20,5.489284198445666,65.7296316800603,975.9702744218847,148.59202172626252,226.12005405756224,2.641263710918712,1081.0157097606111,22.674910410683474,577.0502069411687,Thursday
2025-02-21,4.184535800344602,46.44113149161615,1084.6158061711933,141.97814935335515,232.2865557004477,1.8103049080021503,977.814037104906,28.682427785965622,637.4697765151999,Friday
2025-02-22,7.34311234648267,57.65255446347575,814.9168225170044,161.00471215079943,205.58159984168807,2.9610391686179254,1076.4711175959133,27.805875600188664,689.0856258690887,Saturday
2025-02-23,7.4813483777604315,58.92222900005837,797.9542577971955,140.85086750412484,180.0678135487078,1.1635538985655898,1031.3669033351234,29.653619693599364,600.7427454991906,Sunday
2025-02-24,6.030462710364991,53.460966776950706,955.5209606883877,140.1083247733963,207.42289013539428,4.91922121299864,1071.7569844675463,13.63440815881427,559.914255413515,Monday
2025-02-25,5.040882919452302,58.22951520181449,1025.7027732468687,148.21297849528966,225.84931304890233,7.241432652182288,982.2213076079287,30.58532631018469,632.8749987656145,Tuesday
2025-02-26,7.213674603742522,57.9706923086697,818.2291575138795,149.49279485776816,191.93628435694012,2.155250677158422,991.479426813064,20.731555288973343,635.2606657440804,Wednesday
2025-02-27,1.9188880170886735,61.35179714780356,1279.9341209831505,144.40971894381016,279.44063316183735,8.740883450779185,1071.431077389489,31.848200390586555,678.7326621716144,Thursday
2025-02-28,8.440634121418285,50.54919642244262,774.6549854012601,144.86036723074955,183.75294330826478,4.96467910277298,1033.5476903870122,12.905363134770411,480.7391354537543,Friday
2025-03-01,8.199181789070204,52.73096541896601,799.0658387451989,159.53664881725382,176.78119578019778,4.7841934666784365,1008.3216505188418,22.185074881047598,644.2223458597427,Saturday
2025-03-02,4.0970981015368935,61.81751885267388,1084.0437678370588,149.88474327716767,252.6729049884051,6.195823166090812,968.6629112615801,14.252073992121886,602.7889601575101,Sunday
2025-03-03,7.658146038385934,60.26008359038658,810.8191919982927,152.60603218491332,178.53467200517707,3.2169614610005395,997.8068575298116,40.25587967125347,689.1223079610207,Monday
2025-03-04,5.770078231536006,55.87882163281135,952.6180921511062,129.63100122569784,211.55440904500983,0.8273386984117642,1026.9946570756351,47.45729631740223,689.9075284624962,Tuesday
2025-03-05,9.377721845987143,52.88298491841031,726.1719793288663,155.0915377515932,176.68354761494749,1.834606769723453,1038.7560506997806,38.63582817993711,698.731198051243,Wednesday
2025-03-06,3.962062171667535,57.83283203140168,1090.2185427962074,121.25371252858818,241.78200020088835,0.2346409896984109,974.8121823866112,25.659711326389186,535.1737243849356,Thursday
2025-03-07,6.370589848517412,60.09185417039547,868.6811688037803,174.079113481918,215.31172521829527,2.34138807694375,985.4228378455364,27.389004119107128,681.5658141065596,Friday
2025-03-08,9.7899362174727,46.89785868630343,642.3114214906889,184.9202376063509,149.12228257918989,1.9928143044597402,1023.804130309373,34.15560720944747,789.218964495587,Saturday
2025-03-09,10.856740038404718,44.66927879953175,637.274712768321,195.07132852662608,134.77531689054626,4.524432867782152,946.8265253980409,18.36100723663172,696.9250328929081,Sunday
2025-03-10,4.403001951360981,57.09917326985471,1021.9396376418318,127.90803763117663,233.17309440555326,2.647148305914288,1048.9868136243217,10.860359685436084,557.7204359933896,Monday
2025-03-11,7.89986898427214,48.14746097256472,811.0891804595597,176.3399977510026,183.4868881480998,0.09384642595932652,1001.4971016188189,44.16358435140239,804.5498893820599,Tuesday
2025-03-12,9.730733583165428,49.27986576014221,719.4642355679185,179.9285285446153,150.95842237660696,2.2703602994600764,994.8742708885306,29.21996598405654,743.5119900151024,Wednesday
2025-03-13,8.036761642710797,54.00206937732454,803.0606641670607,150.9613112666816,179.9066630581828,0.550607562918797,880.6837792443192,38.728335992853516,699.4916745011266,Thursday
2025-03-14,12.618677211812077,52.31758288262824,579.4853469344142,194.6504816114148,117.67923195555625,0.6571064957572782,921.3271028282147,28.22848237693752,754.74169381705,Friday
2025-03-15,7.238794535879511,48.848505193895036,848.8202460148909,161.4366344550822,203.71405285557694,3.0782584670283155,948.9197248164121,20.55008829638505,688.6303642236485,Saturday
2025-03-16,10.515756781968678,55.59542180820107,691.3885105509579,202.1781102588497,143.65567146276183,0.06865707448968418,971.4254298795875,11.33706112808676,707.0838070740242,Sunday
2025-03-17,7.896865731563176,44.81393430377378,791.6438054661085,162.79565328593975,188.31476682471913,1.1728039135646582,945.5473991681642,34.087618081059105,706.2329576516843,Monday
2025-03-18,12.994070015798096,52.331824233740434,593.6238998147819,211.94845706091888,114.47958877786488,8.381173026638017,1018.9112382931226,31.242105690149756,758.455074766117,Tuesday
2025-03-19,10.328736666965598,43.84835191063008,690.6971699927562,213.42266315688082,134.6795401254253,5.078198393042912,1006.8144457013423,10.343366878733619,649.9125112465487,Wednesday
2025-03-20,9.81880435731069,45.77033955319404,706.029571913852,167.07008869667285,137.39276230780433,0.0859059929304924,986.6856714881493,15.604983574430872,619.7776810105096,Thursday
2025-03-21,7.319516634418307,57.355496340352175,871.2567779207437,140.44852399846368,206.61500147861494,3.3326112667969863,898.282137281257,47.53364613288451,732.3690872099919,Friday
2025-03-22,14.313376295004002,46.51748784632363,526.4172113625813,229.761446263154,98.75470714650596,0.12227090949946137,1069.89237216624,38.60901309164582,795.4305059561295,Saturday
2025-03-23,12.650321245086403,45.90195151517908,604.7073087908672,208.28459891554368,111.14861087800038,0.6650173622046143,986.0604932188969,18.854022900245692,717.8060389041525,Sunday
2025-03-24,12.848072979143256,47.49765782023674,561.0480243733398,201.82157289613602,111.10621802991773,1.566641804745291,1029.5235312820992,24.95267434693353,739.3605037507448,Monday
2025-03-25,13.813973323268256,51.273984312162256,537.2278264836661,214.9847985086142,83.75292191630159,0.78084987960396,966.4415473197971,36.53833903753076,822.2135759618767,Tuesday
2025-03-26,12.434955265836793,49.78180180667873,571.7149469791298,195.0509589966375,100.04862534938215,1.6872720598037287,999.852973235567,43.55019131369485,790.8471341794872,Wednesday
2025-03-27,10.657267237452913,51.327272332746446,670.6638052186327,193.51445376136857,143.61688929823913,1.2100568330652635,1034.7193477591718,14.878405216901234,733.3688399450893,Thursday
2025-03-28,10.535444353868394,56.84552651843911,648.3635722409292,179.76515307912297,127.51476662710753,2.7500282753822534,1011.6628050432049,36.28826417470325,768.2953201872764,Friday
2025-03-29,10.736541885228005,47.82881353070101,659.3166693254674,198.4122906223273,148.36896838860397,3.5277818116350157,1047.9606877591984,32.8497797734008,718.3884596694865,Saturday
2025-03-30,15.278890684243994,45.41721905972737,499.4790694922868,205.19482236685158,64.37844730439608,12.880775676301983,990.7792265709628,38.28140566531394,779.5789853493461,Sunday
2025-03-31,9.820517079490244,49.531436442201226,722.0369742564249,166.83931989163597,155.90935635702044,2.4531708161821664,1099.4183280899667,13.905366810857362,628.222549173504,Monday
2025-04-01,11.751743246280691,56.44321620640873,653.8456076061591,196.28697892014424,143.29647136395297,2.669229522044315,905.125906143795,25.026596685718147,733.694964820767,Tuesday
2025-04-02,12.505806313456235,54.9523832396254,595.0800256422282,193.5285601871686,131.5157472547781,3.961176693602418,972.1819890978957,35.94741026605686,770.7506528974475,Wednesday
2025-04-03,13.80189278533901,55.393868543570015,585.739620871833,221.381588672536,90.58498915306524,1.3418592086368002,1048.7226337938298,21.07629050485709,747.1141660494662,Thursday
2025-04-04,14.708202238223386,48.06468517431049,543.7210702562812,217.56847647873187,90.3148857250927,0.12921666914424185,987.1497086625243,32.13852470132872,789.0415412335407,Friday
2025-04-05,11.264585612439696,50.20431875085503,679.4836205607069,182.5211965032517,121.08650737562549,0.2739828290747697,977.5143213537739,26.985607637836843,685.8291063997382,Saturday
2025-04-06,10.508395512605597,55.85714857005334,670.3666986955024,187.7566438092027,136.8569023640306,4.5173230428886155,910.8924046354741,31.75706853820365,702.113957688949,Sunday
2025-04-07,14.165542413128227,46.695507670294504,512.7007228744988,205.9523592009761,91.50974781569774,2.7894019352554746,1059.5362657529452,43.59711458089193,847.528956053205,Monday
2025-04-08,16.80769164389312,50.70717847675978,534.0764782647051,211.6490909617342,61.99140319070389,4.073296272048031,904.666639711712,40.07058139264057,736.6926503759469,Tuesday
2025-04-09,16.1010567791201,50.74061833460445,508.2906132214421,212.323938271759,53.0709254696435,0.7579828867509399,1024.896777454349,13.980838739599308,671.3316118627423,Wednesday
2025-04-10,15.224741293529904,44.32861689923709,502.38928233455397,210.3361614087248,77.31759160269772,4.961925778618203,1009.2152702589339,36.651494947034976,841.9546544552311,Thursday
2025-04-11,14.365688711965289,48.09147568422701,526.4993384256608,208.44395814977108,85.8208271801872,2.519561138592686,1043.1880525788963,11.789679327786914,650.7465273293788,Friday
2025-04-12,15.793027665470465,46.76932290471927,482.0855462207197,228.38582454643307,50.82085464413083,0.4940646130707793,1072.3498689678242,23.11593679825918,734.4534899953012,Saturday
2025-04-13,14.926389167988596,56.72559056624972,524.9872145678297,233.66094297269598,75.05565620073067,0.3350576678722055,964.2055275731083,39.13952268799209,921.1968928663888,Sunday
2025-04-14,17.253849167664235,59.13603736129399,480.2449480908244,246.90094359027043,56.40313157676564,7.4356571819302815,958.8072390881528,40.94491667633732,930.0497514504285,Monday
2025-04-15,14.236734443854074,48.110976199490544,572.170114061787,241.20314949215896,85.81106190349388,0.9245871901519255,983.3672373535608,49.513477969302826,924.4089479546805,Tuesday
2025-04-16,16.300057479022037,47.030277411326345,521.9592536948294,250.14181007138657,60.77684835142572,1.751030477608114,913.2482638153766,20.78136620186124,785.0056805633843,Wednesday
2025-04-17,16.015660097146032,35.77954964833878,478.60469415807086,225.926722053165,68.29419301888399,0.2852267765995067,1040.1565800106478,30.900235648639853,798.1037190778758,Thursday
2025-04-18,17.52921531785254,47.03428924386719,470.4774681529275,265.6375736331632,30.002087505439185,2.298268081196576,979.1603332781596,36.05395798191202,899.6396622229737,Friday
2025-04-19,17.09662231265793,46.28753728824951,491.1087581285624,255.13596820785293,56.083108112928066,0.03675549580454934,1006.9141804727624,41.521072330430115,909.2210276543577,Saturday
2025-04-20,21.951775120587186,37.07436094461461,508.3487593991686,269.46808152402286,15.241741848773291,1.3742594520094957,942.3911744285876,45.06245047947046,940.0984463748807,Sunday
2025-04-21,20.052827246448697,47.88570936665215,510.44618293985343,265.7542254560875,16.178135175674477,4.229864057320139,999.267634991712,22.74435452633775,860.8797005167809,Monday
2025-04-22,20.252194849155952,35.969475064662646,514.3481819203985,279.10079970403604,13.34511845950983,5.340827139647872,967.5924319359907,16.47191382334102,821.9872820000363,Tuesday
2025-04-23,13.382246323234146,48.21993818242039,548.5148203793793,211.35736166774254,94.8970682305363,0.6514583413620176,994.8230749124692,19.63449275710213,663.1892591661185,Wednesday
2025-04-24,16.98242490664523,47.10834388579927,492.1764896076358,251.7810556436565,39.684475635212145,1.5491131596652408,943.8750420403392,40.42570720402993,864.109105540425,Thursday
2025-04-25,16.64685196024554,40.437518717728345,515.4700857357398,239.7894583578762,42.724938446886064,2.6545126417733504,1049.7108261650878,12.655019115758792,741.4611916645206,Friday
2025-04-26,19.12968274117232,48.97995751809586,532.2622417419686,264.27697446166235,4.264459724676172,3.3367188930905036,965.8759733236918,19.767741246702638,794.2111138183627,Saturday
2025-04-27,13.705444912298612,54.31345281627265,585.2430745623859,205.5605189236593,86.73708446344307,4.206050372507519,870.6136047559778,43.44828701214667,749.8429803253384,Sunday
2025-04-28,20.810786552585686,36.41926649206419,524.3877397453449,272.8650727780715,10.123260269086938,1.482399435429187,1030.4976477503944,48.32178813406165,1032.376878185279,Monday
2025-04-29,20.793021317666096,36.3263899529378,540.5198862469946,261.58381455965264,14.809725379956248,2.337556450288387,983.1964347332186,27.766700269030167,875.7612396683892,Tuesday
2025-04-30,16.251094223816782,50.01042203959204,494.4089063793606,240.84787033338625,50.07981723883175,0.23275505396644136,953.9345716570172,40.92245398804586,869.7981971981037,Wednesday
2025-05-01,17.093177737886535,46.17297279273586,510.70605551787907,212.1145141646948,51.90898670562285,0.3534151495034777,1123.3585158725764,25.492031840222115,733.6385172748453,Thursday
2025-05-02,17.641769444554097,39.82956874575931,481.191547608668,246.8602070570739,22.982167811443965,4.061985754511974,995.4335837194867,20.829379851734604,811.9361825667797,Friday
2025-05-03,19.523286315254367,42.90523728344473,521.5526709290231,275.6462131642494,4.113493246788887,1.5493169079610971,931.0688006760894,32.65355156539001,955.3226146407443,Saturday
2025-05-04,20.90990300430223,42.73449419341191,500.6345824980802,276.6909474167709,-9.720001619100026,3.394983340020869,967.2105569183477,14.701013452051829,805.5638553766187,Sunday
2025-05-05,23.91362798118634,40.153902946262136,585.6113262697962,291.63360382161653,-16.033056904998684,3.9487304817306734,1016.9309327074146,28.705731824465342,937.5749531179277,Monday
2025-05-06,19.61143237157246,48.448297346710284,507.6232499679167,265.68369467687285,6.559909063456427,4.2157725229891065,986.5989335069916,36.49992213195168,892.4161458070926,Tuesday
2025-05-07,21.728312228412413,44.538341466643416,552.8407198614041,261.8497800918884,0.9654353052123379,0.49737611330220166,1059.955091026416,48.23685921423265,972.9381220973802,Wednesday
2025-05-08,20.689587721003797,52.29564885449828,492.93815541561696,253.7521053737109,-3.884628261060529,3.5443347934491825,1051.082624959387,45.43845895091424,897.2244587138522,Thursday
2025-05-09,24.08245581865072,47.60583780514299,600.2560346487874,287.98439209089895,-5.046857462957114,7.986480785455328,958.3039171901279,18.55580218263452,809.7598609140114,Friday
2025-05-10,22.2291218038126,45.60907141841502,556.3594347185918,276.323164365212,-9.667872128422035,0.9541170917760018,999.7708548488498,27.054476163480928,888.4471576590792,Saturday
2025-05-11,23.662407503668685,46.45547087021241,600.7695023538247,304.4970662671526,-1.16616410426192,1.0606878450621666,1029.9533298160927,12.201878880001908,865.8167115778527,Sunday
2025-05-12,18.948700946658327,51.460137596570945,485.92411611153983,238.88461429127665,9.928431898348645,0.8969886673633964,977.2346440495946,12.125105639276494,758.6496197435446,Monday
2025-05-13,20.896505865334703,46.81276949143172,527.1068898422209,282.88870361415655,2.543144827704248,0.5522414295806354,974.682417453049,49.64087996666844,991.0070109286906,Tuesday
2025-05-14,19.828517214775513,38.0084748333104,504.6856848683912,235.74062138008583,-9.32032055839703,6.5250164559975925,1041.8542430952955,17.12273261287645,797.5297984688286,Wednesday
2025-05-15,24.63911856602805,44.58579095469916,660.3102691583669,286.012306872877,2.3966781175697336,0.5020657222940327,1020.4230507527332,24.15472630473254,893.5456523159912,Thursday
2025-05-16,23.115700883128955,41.86880222849605,589.6491519003589,285.0769914412618,5.226711027286318,1.153818450727258,927.7576317541298,38.91810330924676,1010.4666149628092,Friday
2025-05-17,21.359314429890574,51.00660347383327,507.3730731766318,288.94284284258356,12.523923814609677,1.706927487597965,970.4415276770619,18.79253741145042,859.0382554429971,Saturday
2025-05-18,21.231784469388355,43.48194335751937,487.3021502296041,261.35091853374786,10.603009002893963,0.7543910435854677,977.2174104397994,26.541338499297368,900.0512583162165,Sunday
2025-05-19,23.271052197794916,44.013120495392755,585.3496098200762,254.71560951814527,2.0144441188950792,2.135934463416624,991.9800654339351,14.550721229924735,777.9610093361715,Monday
2025-05-20,21.061569920931305,44.79894359367123,551.7613220779199,275.4921199832696,-6.709134728455886,1.157538876762851,962.0050134179401,41.82715571445516,962.3000476568008,Tuesday
2025-05-21,20.76400985825782,51.79491963707824,526.3940525807272,266.37510568227566,-18.168476465311738,1.2206025166259855,1065.0034830939014,23.58585498984299,878.4384416394743,Wednesday
2025-05-22,23.746103716962843,41.88902861727565,616.6944444701883,274.43446493488585,0.026918591410809923,1.4645509167655666,949.4100408963106,16.636792749411477,774.8769398430989,Thursday
2025-05-23,27.865879483117794,36.359596906733344,782.3132657189323,307.9667352677342,14.207584312852298,4.449013192219271,943.6119075525589,21.92574831048684,890.2302102806937,Friday
2025-05-24,22.601056317865716,43.464613944470265,536.2307464726342,271.0704961713426,16.65061108374722,1.5132909731170625,1008.4452512749946,33.36983018633986,963.7788335599573,Saturday
2025-05-25,22.132901645096894,40.09613734602508,566.2145026768369,279.2325841358341,-25.293108372616146,4.187739276956359,885.245189065221,27.538101869084475,847.1219346807817,Sunday
2025-05-26,21.05118625656868,43.969247179529376,529.9080582096317,279.0565192171765,-7.472799078678781,0.35931669049500964,946.3700122731092,21.94716617235043,850.1591422802425,Monday
2025-05-27,20.86985755226253,43.2667538052549,538.3819056526819,245.4772567013695,-3.420387728749947,2.765528920831069,1029.2443528137178,21.702872509028683,814.1702857158847,Tuesday
2025-05-28,24.7336949286794,41.57115688455669,608.3966233397528,332.8947389226991,-10.319069915241773,1.4177074167326913,931.7006673384785,23.86910044340916,1028.37161646352,Wednesday
2025-05-29,25.526610341124933,49.195131911253,673.5806585082482,304.3359145301713,1.9379171704412237,1.1566155586018736,955.7482640794876,28.76394487169195,934.5879818110457,Thursday
2025-05-30,23.982014494123643,38.78593555169671,594.8434724245026,286.95180110654286,0.4599625449058993,9.490530160535009,1052.318485177469,24.41296964797651,897.8576036419229,Friday
2025-05-31,24.764821679095164,40.37300869409651,653.420213912895,308.89826496885496,-5.092268572742029,0.6680202098340546,1020.8851627118848,37.12050920041235,966.1542388363575,Saturday
2025-06-01,24.464811077621462,39.430692400332475,613.7676003232599,298.0362223904396,-0.28704990452750273,11.924734516701797,1000.9495563905812,23.756845238987555,900.8052830831413,Sunday
2025-06-02,24.640859904943746,43.65036977683886,620.1551627917382,332.85368732989036,-15.835889083214365,1.5957928710130709,1010.3374482238956,13.806403077531177,964.4932957291828,Monday
2025-06-03,21.43902977591563,36.940903013120035,523.766369858636,288.6346846014856,-9.637572881637517,0.5364793085499506,964.3369285571393,12.696936494362077,848.8430072007297,Tuesday
2025-06-04,23.700096511997675,37.57627536560407,622.747641507624,284.75160394072566,-8.882927634718033,0.6567470157087676,1013.7097164764351,24.41041281338459,888.5397401045633,Wednesday
2025-06-05,24.96142732326823,39.83341013126155,645.9616950470205,294.5091229252182,9.028779948810413,2.379514347675728,988.1442660216843,48.977815164586495,1045.1204242876127,Thursday
2025-06-06,23.291385078501598,44.0976311886353,568.7963250066392,279.5351228677302,-16.191640534278818,0.8275322302467649,1123.3346368684558,26.95305462446493,896.1511609560671,Friday
2025-06-07,24.02118802867006,40.55164352468425,588.3124323187436,287.71654781310036,-2.0645304286758894,3.4718247912118,1025.3419974567885,25.68223368557343,907.184363075455,Saturday
2025-06-08,23.449180506958268,38.73922423736399,568.1982557590228,298.3547719644033,7.836444489443992,0.07907169087814364,981.5539238718419,11.444055594775637,841.0768035846428,Sunday
2025-06-09,24.530811749933452,36.04121358119637,657.2070573043343,287.22450703203435,-0.4793410743422885,0.4302458919116972,995.8565935802089,29.626123469355733,890.328173200221,Monday
2025-06-10,27.011384047959904,40.9496559335602,707.3196371095338,340.9509643651637,8.168279035327226,8.816348731613077,1001.2252164576322,11.040489532963935,956.251079566997,Tuesday
2025-06-11,24.596315555443965,47.533940519453935,613.5269860796758,296.2027254709576,-6.461483961691021,0.5561191424797602,929.5698505357219,19.212509202762647,850.8847825803325,Wednesday
2025-06-12,25.202959101336702,41.45201017961207,668.4056662790069,300.0984548306971,4.41234816588546,5.415517026029851,957.4092184962261,17.86142678282587,919.3648079023225,Thursday
2025-06-13,27.2362468381966,39.15167765560343,779.4946812064973,332.7809394290343,9.096816816502008,2.8785259938179157,1074.9909728679932,23.482205476710195,1047.258889382951,Friday
2025-06-14,26.993316585828413,40.624711762570136,739.6736814909203,286.91178455000977,22.3761741027226,2.590627520324878,928.4610854318939,16.271236665339508,900.5020990648371,Saturday
2025-06-15,29.185985553746185,31.93794697391168,891.0891395013283,320.1010534443436,7.338247420108708,1.7492063349894713,969.6548850641955,17.457419386850713,997.7386942974263,Sunday
2025-06-16,21.703195597374453,41.079069092509656,556.3333187206183,283.2580140598976,14.342801204305019,8.219602294729066,1049.9218291383527,10.255985812624498,783.8492341834146,Monday
2025-06-17,27.683253747270218,36.513764896178216,801.0199509395517,322.28484684186134,0.19471597452817485,0.24523174422592595,1074.3502100622063,29.10112216046649,996.047059111126,Tuesday
2025-06-18,25.08708727905345,41.40653243991691,651.6087189182623,301.1602602687691,1.0710142947179533,4.722245831575638,947.6373801370803,20.493806903952084,877.567227691095,Wednesday
2025-06-19,26.39988384058612,38.71996447453351,744.7735078268257,317.7955157835661,15.77398924776663,1.700309355994921,1072.0060045841194,43.32270132860232,1027.764020824192,Thursday
2025-06-20,27.881485515673226,31.61281132766173,797.2537754413753,314.6763931433913,5.929287977342136,1.752585716424869,980.7735677722882,40.970222264375735,979.5036949019723,Friday
2025-06-21,28.444779006685437,42.87032207002712,858.2442272089396,325.633557111766,14.286029808912826,5.702540666666441,1081.7968999764048,28.291726806805265,953.6477714482617,Saturday
2025-06-22,28.42585802974338,45.72135579868269,804.4397786219076,307.62579448846725,7.207574087633665,1.243568507156354,1024.0731992335723,45.927836575302145,1070.0860727393062,Sunday
2025-06-23,26.72289157769835,37.30570116794203,747.4787735351741,286.28670941913947,21.328044532854626,4.74505921514168,984.9280325288433,22.94738194434061,907.6893570386642,Monday
2025-06-24,29.694143285139496,38.23888981821212,885.5582231155644,357.15399664262304,23.948030633707248,4.8904217611257454,1035.5646901406978,12.48067351259202,1012.8167584474985,Tuesday
2025-06-25,25.967608952035334,40.561720748302264,660.9367097893194,294.3734634638921,-8.218938515296664,3.5477042772864626,1027.1764349549694,44.119856136729815,1043.1254483974087,Wednesday
2025-06-26,26.306915425716685,42.87778574099251,717.5245131967514,300.33527647904947,18.732021105156157,1.1550944646394739,960.5388508282242,48.27300244789118,1065.234531462263,Thursday
2025-06-27,28.239469440006257,30.00950895822247,798.545313606332,347.4808312302996,4.500902558158507,0.5112096544599388,1106.649945520126,11.592452370347193,926.986972811497,Friday
2025-06-28,25.58646064610812,47.59588010197326,682.2030301057958,321.19966159766074,4.936776211242424,0.12118750407054565,982.0318788890862,25.67900861947617,966.2888278496793,Saturday
2025-06-29,31.055992615470373,32.81594425166658,990.5916874305908,341.1622196220535,-0.9755853835382106,17.427585047666007,1056.9147232040998,11.016454783590174,959.2788222754261,Sunday
2025-06-30,28.81409077396856,43.2698580923274,883.641187567212,323.1555267327069,7.372644278533792,0.09548325140886121,975.0110578783838,36.19504775347738,1065.1691679736628,Monday
2025-07-01,31.164836446265895,35.47148656570339,1020.8470161181693,348.6928837075614,-10.916911900342134,2.653680391482559,907.9278551968027,42.82535762292263,1099.15570120743,Tuesday
2025-07-02,26.795014934416276,36.616209881639975,710.1713880910991,300.634880518961,-7.062584904481231,3.64612545378091,943.1726980379171,13.638846121057625,853.4778873826006,Wednesday
2025-07-03,26.113012840525624,38.40732623322976,701.7761140937631,317.72464444027065,-7.42920257778554,0.9684049268507513,994.2825190306493,39.039924391542186,1016.4721616939295,Thursday
2025-07-04,27.24076251734904,42.69325471524086,774.6566744413184,320.69509845000687,3.1186255154427798,1.4700361569416043,1033.4521133702535,31.271847477874083,1046.539762112713,Friday
2025-07-05,28.399767887939806,32.96380504400805,809.9277950250396,329.73262079507407,9.444763601081906,8.746525946463791,1087.408558988116,16.468839831019103,958.7926009822886,Saturday
2025-07-06,25.776172580018127,37.50317236569867,692.641573523228,318.09855330949415,7.6099553318662805,11.502657952133655,1003.4087965741884,19.83034616171804,925.0772507503289,Sunday
2025-07-07,27.72730317124276,35.407256343561976,825.7282351935698,333.185533524043,3.9364365680965765,1.065261654745401,985.2159406668854,18.518685732008173,934.7684279717299,Monday
2025-07-08,26.947616496025105,29.864664826018277,758.4892383639656,343.79632368148987,-5.666345160254288,0.55411110317803,937.8217366767512,18.231175571080986,991.8599566168766,Tuesday
2025-07-09,30.22236365602909,42.32423568624627,948.9434792243975,365.11377700117976,-17.332822229223872,1.6219166936115674,997.0203348208055,31.525414613664363,1035.4998179740169,Wednesday
2025-07-10,25.671818399156958,42.35698944338692,666.1798806281488,280.30681347513064,4.309342230190271,1.25928497688764,1014.33708826825,12.282434104523595,814.6640452024864,Thursday
2025-07-11,29.092212420291723,36.61965495621878,881.6942898748835,346.78720299566936,1.7362280952761913,1.0696891641190944,888.6112869065072,46.252282081121656,1106.9208483747893,Friday
2025-07-12,25.71127283277684,45.2492952650196,649.1030722147647,289.4918702160536,3.8556008880811876,0.39110026123966357,1064.5669491749218,24.96425425903327,885.4688143079646,Saturday
2025-07-13,25.07328698203344,35.15922115641841,590.3646057445798,279.7438925284317,14.560154985822233,2.950856086782074,1056.191790890137,26.1417806905325,896.2406115600058,Sunday
2025-07-14,25.565957732269155,39.179984742976984,659.4632089488188,315.7733724289164,-1.5326151931363992,0.9743442571561576,1113.1783988821383,39.525858970510626,1041.8277573690973,Monday
2025-07-15,24.59463420670021,48.951306817646326,609.8982765418641,286.8008811790592,-1.7284962358011349,5.726067834496654,953.7373273226788,12.944121281849078,932.2054463780388,Tuesday
2025-07-16,27.252607541182943,43.0962460351938,792.8290331452124,313.8589503357645,-22.867226191300865,1.772935057005669,1001.2129533016196,18.34321827278643,922.5400736409878,Wednesday
2025-07-17,29.003785325365698,25.66971970390508,867.1676053582778,348.65754324847046,5.885845288083376,9.179928442828725,1000.0008588836084,37.26737603392871,1105.1679705258064,Thursday
2025-07-18,27.247711948278567,21.541423929377828,737.992466908069,308.6074752019378,-0.1933251621322463,10.974896369941153,932.8320261746771,36.403822172507354,974.3588291762458,Friday
2025-07-19,28.14201899229121,32.29686549569791,786.4774924687358,312.28350877356183,-7.095016393831609,5.435822640994288,956.6264373802687,29.190064848415908,919.3696312492058,Saturday
2025-07-20,30.12847947393835,41.203632964294776,952.4628720776558,346.5059764158176,4.1531334028900355,6.243013164953587,949.8563745424572,38.91366234427903,1122.9760423402809,Sunday
2025-07-21,27.371430693923667,35.74062650131351,748.0469193157003,337.89543992222616,-10.146246596416926,1.3531342207264183,1024.8737989289966,35.085622448882205,1112.0038635557714,Monday
2025-07-22,27.185443345685975,37.16292499957325,742.6710883671742,325.9914370445344,-5.123656005132324,1.1730210807781476,1020.6868443995521,38.171697826853645,1012.1773751126093,Tuesday
2025-07-23,26.205241363825333,42.07716411958789,701.3705626707764,286.9134102683102,19.919570971876286,2.8041532106150453,1066.5703627059056,43.47968410706943,989.2163680261581,Wednesday
2025-07-24,23.495642037565855,36.77747485007693,593.6135032372695,278.7753208498773,7.81093563577951,3.61823201109,978.8892274526133,38.719562869839486,985.7813945969442,Thursday
2025-07-25,28.184896223284902,38.51647249876217,814.4072438255994,323.77363504520036,9.548371618467291,1.4626782815950579,929.0850424503143,44.16876692707891,1071.6314306488625,Friday
2025-07-26,23.102332501036813,45.478625128222475,581.689832381953,314.3490955788402,7.776476928468461,1.0678594242527304,1020.987138134383,27.400892755221008,892.0447721704976,Saturday
2025-07-27,27.866999455537442,40.04146653672095,819.4296658498394,336.91239535537073,6.709345590011962,0.13854206182415857,1017.5106576655852,42.7595469279478,1119.223147856599,Sunday
2025-07-28,26.475973132379647,40.79894881397441,750.8999404941721,325.15586502524087,2.2161290558804043,0.4880034167531345,1032.3237692468622,39.5067308226894,1043.8499986632662,Monday
2025-07-29,28.697734861186216,34.031581536288506,811.6263057421522,348.2020098167884,23.129711783848887,1.519541791790923,1061.345778740684,10.390292711547326,971.1974989267719,Tuesday
2025-07-30,26.244798439125134,41.57559697453003,756.8557669461902,305.8987333286294,-0.4668075743033169,0.12223270397875835,969.6683492911726,30.98383643646789,937.3670666284048,Wednesday
2025-07-31,24.666733404769715,38.12846291159269,637.3186114672689,305.10605638000493,7.619715565666217,7.307792514066209,1038.9190450688147,46.17640727473464,1068.8067749769475,Thursday
2025-08-01,26.958396689050353,44.95801740156799,767.0558193615678,323.59905775882345,-1.9263182523713254,4.467736331809734,948.6734677740084,27.759282766203253,1018.5348922453684,Friday
2025-08-02,25.0482149010395,52.81189177263017,635.6676651623516,286.3090638702926,-3.258672073175367,0.9195105633982225,1006.7790504618985,24.68319369822396,874.2061812283276,Saturday
2025-08-03,25.72957501699349,35.7168105749339,687.1852395424297,306.16214169656394,-24.13160001197084,2.192760342711571,1033.4721612840742,24.467034002697005,950.3494084984236,Sunday
2025-08-04,26.094745086436728,28.251693566981903,702.3248223980457,317.7973833435619,-18.994191242928125,5.374425012197378,993.138997671346,42.71553990431857,1030.0201181599082,Monday
2025-08-05,25.65815613763926,37.34627560824033,679.6646813791143,289.6463437939351,15.717996939064282,1.1749257321286435,1009.8167035758394,24.0944626497728,884.6780313581681,Tuesday
2025-08-06,25.46266507794858,41.514093474293986,685.5883948531634,316.40098320760455,15.119464677246137,1.0937766575912244,929.1708879168064,18.35183158503162,897.021802250761,Wednesday
2025-08-07,24.085181512244805,45.98251142495596,625.203009656769,304.6395955552867,-4.144875709263799,5.161362237429035,966.3558195389874,37.47750221020064,983.7709625862249,Thursday
2025-08-08,25.2784203033683,45.17234132481179,640.2979033427487,318.31047623035215,-0.10676425364118977,3.676115407085387,1006.390983876509,49.41048433605176,1063.2391181587832,Friday
2025-08-09,21.28346523344039,39.053470981672945,531.4749875574556,259.2221939579162,6.3380387992938605,7.333722491560931,938.6597147650226,34.577540956968306,927.9786173885278,Saturday
2025-08-10,25.145811634061403,35.91717398773001,669.2571268246045,303.3520915385614,-9.740736959091011,3.501986466847921,956.1223585591603,11.264035980733617,856.5276826298351,Sunday
2025-08-11,22.96159356473509,47.967229741764335,589.090549836758,306.0676155055229,17.892077700569693,2.0711555898117937,1120.622362127427,14.03841327829169,848.0551461379604,Monday
2025-08-12,27.492393417691968,32.54414675368964,765.0972134998124,332.40416366643257,-10.210283303663754,3.6402473593170614,1011.683431722707,22.225997184866877,1018.6932674754327,Tuesday
2025-08-13,27.682842182879266,43.30488300976976,777.1600918285502,310.21236898690205,-7.01939287094635,0.40241091375028304,957.4034711767953,39.14508969153534,1033.4042903672287,Wednesday
2025-08-14,21.129054191981133,41.9623170103978,527.798721096843,272.98197469079037,-27.455914518146812,4.758938089415244,946.868900104244,46.225159934179125,1008.1399357586093,Thursday
2025-08-15,25.206083965418696,43.66715077002078,635.2011504794187,323.52660753359055,15.32064207180208,0.5482332565221993,1067.4960118178246,40.5409376534812,1048.3254305587993,Friday
2025-08-16,24.54572877301748,43.89424055040493,604.295095659336,295.7905856671109,0.7483273920492538,2.0515344773356876,857.8682138648819,14.264311063804499,884.9935282498627,Saturday
2025-08-17,22.5843280956896,45.815799928753705,595.9406363931286,286.95532029438186,16.393996396267056,3.482829950347489,979.6141372456325,37.20250858357305,957.5084857676477,Sunday
2025-08-18,25.617500650689387,43.60813296541652,667.6823700039367,344.03270212341175,-9.86065105770456,4.091990930194305,1027.1789916804005,41.20436335937393,1065.2899128739298,Monday
2025-08-19,23.504419171635085,36.24950976188516,594.3095621799437,288.04154673152544,3.538240957786738,0.1379647378871273,967.2172806991747,28.33266519698521,921.7002779288889,Tuesday
2025-08-20,20.763410305031282,44.87687729903142,509.45495389908325,265.0444824835574,0.900579189228875,1.3898135124638482,1021.2544528469979,18.773683461487302,829.10975075455,Wednesday
2025-08-21,23.63331004937258,41.16326401708061,622.6581152547889,274.52988249933185,2.141766635142352,2.3985080082704853,942.3282365893475,30.924665923330043,908.6004673978309,Thursday
2025-08-22,23.73549569378391,42.55364358821103,635.2404159063726,280.54557635046444,20.897886768254136,0.4887105275672972,993.8787116937175,27.860420005911095,927.08673668914,Friday
2025-08-23,24.1075261666661,46.880221037870214,609.0139247587239,315.6767642194519,22.807820486531458,6.417000435378709,996.5284256408521,23.97222556796089,898.5855566615455,Saturday
2025-08-24,21.292224651572322,41.610679073102496,544.3111267410987,268.77570293330695,13.934330393347148,0.44021057903827643,994.938981326901,10.658321007878925,800.7757201054079,Sunday
2025-08-25,24.84348481795472,36.56536003253124,626.9067407230132,281.4661054786981,-3.871988694360025,1.517082445967465,1001.4623372075214,20.497910485256238,841.6750330728403,Monday
2025-08-26,24.93791749768392,36.40908862092445,681.2110509137502,286.038168255448,9.069615639610678,4.131175214126252,995.9857137100342,39.81977305316009,963.4033130977579,Tuesday
2025-08-27,21.02772016893391,41.62373197593837,547.5241075124203,268.8080599069046,13.587637491051067,0.8903367338463091,1050.0639895280572,22.709672341823218,865.8300514916696,Wednesday
2025-08-28,21.851569775757845,46.28179693319912,529.2113957193924,286.77936575297826,5.713238569635583,1.5970138712800264,980.7302869690824,36.3239826526016,958.1589506561254,Thursday
2025-08-29,22.856091742903693,37.641048476937236,597.2083498030923,272.16380217529695,5.823291223490992,0.027874288408865792,964.3549063186406,26.715122756645933,858.2419143412696,Friday
2025-08-30,21.730025632484292,48.41226896951904,550.4443690989505,285.0056869573787,4.946015128203686,3.811069594457912,979.6440815099364,18.838820607030918,888.594059592981,Saturday
2025-08-31,26.192165778538136,40.49852470483202,711.1088598356177,302.66259263103666,-8.88985623834793,1.5697453154717107,978.4586387476193,39.584744364348765,1002.6524825362931,Sunday
2025-09-01,22.96189800746651,40.49992699080023,582.5062312442222,289.46720913678405,2.5727791023401996,0.2884478049932103,917.36914861732,46.93909254136293,1043.6048886987421,Monday
2025-09-02,20.362251126851536,37.0519442095876,504.8552419653519,271.1046854483095,16.15493201185691,0.22940631358366503,897.9006783227211,38.90012923037729,975.9407864258924,Tuesday
2025-09-03,20.643270903449512,44.710049199665896,511.67998110061217,274.6526887873207,-9.842339341550517,2.192284645010023,925.8031184621407,39.73403884376191,938.3150551181134,Wednesday
2025-09-04,21.938482510998238,45.90656060166356,560.4591114160147,269.406845517738,0.9306641615885245,0.03609903040143674,1007.6622412150269,26.047402001502284,836.6469956972157,Thursday
2025-09-05,26.476824831369118,29.989711201273156,716.0397485076278,309.6322569284749,8.460756884063226,1.1432159359308205,960.0250550311991,44.812900042472855,1047.2429347064003,Friday
2025-09-06,21.358542505275988,48.87296385220746,516.3232044488839,278.7943115014267,-13.539173392662029,3.2078784313597195,972.7776404448406,49.22478831441965,1030.2266093322075,Saturday
2025-09-07,21.79783810096743,50.80046459369247,585.3377048339739,255.2840964607529,-1.2730293078131774,5.5047753405531745,1136.8849271561885,33.891883150611804,891.3325718911194,Sunday
2025-09-08,22.39685133425956,43.77503041714198,555.23460297744,282.0411827743525,-16.869893821450358,7.4621363449128575,1049.6564310713468,39.13366787847198,925.3497105650522,Monday
2025-09-09,21.112496819664152,45.56890703609781,519.2947415763483,276.86186681357395,-5.965574056100699,1.2541713619352048,982.8454361437997,14.28398902378714,774.5780719332749,Tuesday
2025-09-10,25.576223506482723,51.60749617775423,659.653853573088,320.4985082808398,-13.980454494179755,0.7968063397177028,961.7451259509949,12.482101252997847,876.0632628117859,Wednesday
2025-09-11,19.772222591253968,50.341675326252805,524.6310877838712,257.8268890727246,-5.460456878728509,0.34331666677858774,1062.190662738439,36.63104888679526,871.212761742774,Thursday
2025-09-12,22.142320342377943,37.79735773143099,572.3697667106817,274.55848230722125,-4.822198341320108,0.5132963711577165,954.228532127225,24.24865186878703,891.0901288569352,Friday
2025-09-13,20.79175626006865,43.283369061207964,529.6896101154774,268.6214401427044,-2.698602534407806,6.8045503126887565,1055.2133157713356,21.579775064145316,848.7004654234435,Saturday
2025-09-14,21.528618158638775,41.99245013500285,556.1219403243474,261.3800043732741,-1.9842673476766628,6.835368765880043,1022.745888266456,34.033841679285544,921.442290915225,Sunday
2025-09-15,17.746718162795176,45.04824148928812,471.5895383970734,238.96404978083314,9.787653660442235,4.732159648299103,1062.638296366896,11.511688533727504,734.5643788517726,Monday
2025-09-16,23.448496896001846,29.419863394392742,582.9956511576842,293.8277563411771,15.930668857230408,2.23057804261075,957.0384540692726,32.58138642382455,1003.6637931684182,Tuesday
2025-09-17,19.480028305550682,48.201001558373186,498.52400312038577,260.1511123529323,5.085188168748399,2.781073570057945,1038.5393152475644,37.866936352999005,911.7581791048548,Wednesday
2025-09-18,19.600822106582612,41.135661729418544,509.14142785484586,241.2172378498215,-4.945875784203913,1.3840842230329933,902.5924817998355,39.51390472241871,898.7965539719066,Thursday
2025-09-19,17.470612245019712,46.84176752637279,511.94717632987556,234.9250193204032,31.673580148622264,6.00325320042741,984.5747836604788,10.821744258417407,713.2244554315988,Friday
2025-09-20,17.687957215682303,45.16893750874417,460.82317816320375,209.82733212131984,37.7955864990886,1.5410704631718655,1047.2625254691357,12.73366580427397,698.912605336691,Saturday
2025-09-21,20.081380653030426,48.29037236266578,576.8218614589832,272.67658417895,-10.011583147851832,1.2653762412223237,1028.0408870829338,41.858033623677386,989.8795695472498,Sunday
2025-09-22,20.730284263451278,41.93672913785079,506.31023944141515,257.8558747222829,-4.135385239587684,9.715002287889527,901.31771111524,45.15144243711444,967.1730320941251,Monday
2025-09-23,20.06706321278935,39.96920912581758,520.990008460438,264.09650100505417,-4.698505969768115,2.044197609625008,1027.4710929159164,45.586992974104774,997.2486356703043,Tuesday
2025-09-24,20.780708601767735,46.03754551888205,541.0103444045349,249.7130433674183,5.39739941736314,1.5865119638875975,1015.8880306438999,31.858007452686216,842.1498567394683,Wednesday
2025-09-25,19.592963737115284,51.35005743450885,525.8774455720619,255.40793471836412,-1.3803541986248558,0.33036450007287066,989.8822873853627,23.240634793354033,843.0283192699783,Thursday
2025-09-26,18.021189832484936,43.983994717078346,506.0319365823864,250.7649823056173,34.217044998274176,3.7749273601193796,956.8845466477877,42.741319586368306,969.6235523205709,Friday
2025-09-27,19.436720021656374,51.30036412180606,449.17171760493954,270.1012431611452,11.93989799577257,4.611310162072707,978.97326260641,24.638731526838352,873.2236265112762,Saturday
2025-09-28,18.749457466093514,46.311349777159,481.09669507297565,229.44934216595925,17.273799964065127,3.8654459898266804,964.3089411836447,47.5830037220114,893.9045642523099,Sunday
2025-09-29,17.158924144440014,43.609213258042594,518.4231191943625,249.76075063856206,55.02717489801539,6.315612936486831,1040.4077480794317,30.38255454189055,846.5067819700444,Monday
2025-09-30,18.609344465787085,52.7383134291611,483.76885344352166,246.23801840460575,21.064229069222712,0.02306522719885929,1016.3478231550139,10.61677852427696,731.6125669584491,Tuesday
2025-10-01,19.525078944320345,40.28680516677611,486.9095568334956,244.38965856511786,-4.65242918146615,5.558763571548342,1046.509646726944,10.934273384832792,750.0300258576732,Wednesday
2025-10-02,17.218733010906895,51.295254586848074,455.7320279027345,244.6992312235052,44.69718067176461,1.467454002486568,1027.528398349834,45.906826180772114,963.6412410518532,Thursday
2025-10-03,15.832567934569322,44.84301581840281,539.4246625652657,222.03633450587867,63.743371353742,0.27133549008676716,928.8748986170036,22.72006194474535,773.6787155390048,Friday
2025-10-04,17.77733083138298,48.029228563104574,511.2792953395606,237.55359823391444,32.93500923923327,1.806619132667346,999.817594895798,17.540571385439158,764.1952410842957,Saturday
2025-10-05,19.935884473471564,37.88055089483538,494.26345514209237,248.70308115473574,3.2849969660884955,3.5209073199941736,1100.255007255528,12.566478040704009,738.0995545522009,Sunday
2025-10-06,15.50751366447668,43.40602596214781,516.8187226219467,227.1645010978961,90.88282675480666,7.5041101553158684,937.4396121481187,23.243557759519252,737.9094134574879,Monday
2025-10-07,15.537940084157553,52.894909436172284,516.9646249676515,224.60121493261045,69.26608893741502,4.187193167037851,1007.0423955234638,47.776641317981586,963.1180819034976,Tuesday
2025-10-08,15.243471731985117,48.745806873984876,501.2119925493146,219.08075523960804,75.92587155099346,0.2698092207538465,953.9219597023954,10.266216206395349,677.2431211569578,Wednesday
2025-10-09,17.75585609905157,45.9867802030904,495.3969316766208,227.44998623860792,31.197610428597837,2.336980056045147,948.4762351969978,41.87520252763612,869.3827792793421,Thursday
2025-10-10,11.428887448837958,48.65784883075753,635.2835078192213,183.4807508615516,141.67055378702835,6.102672131349182,1003.5577741309291,25.372217670165952,681.0479775521918,Friday
2025-10-11,15.628406778830662,49.72967794557459,528.5485782296535,230.7803960869466,65.00829243107323,1.3714697991645135,1038.9447086051953,41.05557940836387,873.9743039568029,Saturday
2025-10-12,17.074706548796147,39.353888372974076,528.4817939736658,255.4863459332534,35.858318412779624,0.612558454921865,1031.3959477962053,43.8006997749437,918.8789103902631,Sunday
2025-10-13,12.856966862142507,44.11475028865413,580.493333514906,202.16463479170758,94.91906821832244,2.235281406703111,1016.0952650881591,46.27747690721182,840.8835123846508,Monday
2025-10-14,17.25539548793543,45.40673178300299,492.9482825523904,258.9479729618877,46.43998651245407,9.504275002897433,1040.5060881471281,17.582370886328697,851.9418873696197,Tuesday
2025-10-15,15.14198026613902,43.71501063119596,533.0637273390579,220.67998532285273,80.31265479224612,6.546759827478239,911.4107552363071,38.60445327766317,813.6590199704244,Wednesday
2025-10-16,12.767487167683532,46.283041424325376,570.0284019130346,185.4947961612919,92.60217420700283,3.805962039666536,1033.827523550555,15.897829019799211,668.3725958343982,Thursday
2025-10-17,14.068371553295107,48.38778646712167,521.805069413575,221.71598764026066,81.73728563085135,4.8895045879001025,1013.1335824859037,18.533695939408645,735.739588997309,Friday
2025-10-18,10.386037628036624,51.00356323783845,697.233617272344,168.31167121292094,150.623304078561,1.137532468094281,983.7087997870668,18.702090052770217,653.746052695709,Saturday
2025-10-19,12.119267564590558,49.192052445140135,596.5557913805221,202.6852629877046,128.48214714892882,2.6469406080962647,992.3592767319191,48.96873345756682,831.0685463085523,Sunday
2025-10-20,16.700123479836428,54.96627931147494,507.90680859636524,249.35005462816244,36.28588720300314,0.13552627609128698,950.1796652655152,45.77394793678075,941.4971790327013,Monday
2025-10-21,11.055192874816644,56.2112247015201,658.0931279857542,183.52593446266803,130.084988324808,1.8814458457975793,1051.152111416338,39.95700335364645,738.3906244918566,Tuesday
2025-10-22,16.329068786299423,53.08541756360492,486.62599121205477,229.01223229182085,63.381656898424986,3.3306324687053035,955.1525164406689,17.95171600467366,693.5817979652447,Wednesday
2025-10-23,12.2746018383419,50.03950852250063,611.5619641926187,234.88996595628117,110.53202969960611,3.2313031109331636,919.0006010621515,14.986155640796245,705.8690409308983,Thursday
2025-10-24,14.225657725185545,46.09605238073601,552.1371350263104,217.09767091950482,82.09778029327273,3.1156540770348027,992.5231151182463,40.30675512808274,807.8503170028057,Friday
2025-10-25,12.123527879527721,43.03168180912121,602.0248698176393,200.65722614095733,112.72910711726124,0.9635431569288861,963.8404478328855,31.51115177170635,725.6087987745971,Saturday
2025-10-26,7.353051000016594,52.3768721762502,848.3491404428219,170.2409271287091,176.62207361697668,0.5983796477675913,989.3340848058862,43.12964060844811,747.0535788942087,Sunday
2025-10-27,10.491929275640409,41.17667899545374,654.361871385514,182.1762269239892,143.07515794211955,0.09618768695080099,1068.5566049756173,37.60270008300995,786.6426618810038,Monday
2025-10-28,11.819153361880891,47.62597072508916,570.8760389736757,192.9453264116634,125.74195028681734,5.78596691463683,985.9791778828798,24.045689026312562,672.0819665242719,Tuesday
2025-10-29,8.940816090853899,56.66854180448536,740.9180168068215,176.955778532119,151.8518953595227,0.08464464272474753,999.0799225297362,31.593539121584318,726.0156175565669,Wednesday
2025-10-30,8.352276746760458,61.425829823993084,761.3833739761185,130.6917412664969,175.7007044580012,7.988485493245399,1106.38426715971,42.24153914728427,677.6110989133596,Thursday
2025-10-31,11.585023955397054,55.56001541910287,641.1959084571654,213.61328858477125,137.2852218298254,0.12945045874038025,922.6622224125198,28.3244803919021,747.7278254825728,Friday
2025-11-01,9.360605231687854,48.20351360324061,729.5742318022526,158.6145065544838,161.6476363294881,1.1590633666856953,1011.3807696425466,11.26210950791478,545.4610337978066,Saturday
2025-11-02,7.075849975591139,56.8024126335389,847.7789272568382,140.17538632833975,203.31609052197322,0.582656973885452,1051.5018045869867,26.954979012932814,628.3818268423952,Sunday
2025-11-03,8.90868633290951,48.92723080838507,749.2678544915294,179.07232909699582,160.85655668811333,1.0804834195350683,1068.9512287131492,39.63855741207094,771.1361911275159,Monday
2025-11-04,11.809203640931997,54.66750603769489,642.3995861098623,194.60587082028903,136.53400677954517,0.03839885486089694,1105.6124622906018,33.22277295088409,744.9504924044148,Tuesday
2025-11-05,8.952503780200484,52.281191059913915,768.6328914254956,152.62213645029544,157.83107842182145,7.548520297706793,960.1613680502219,42.99098480289862,715.791140977193,Wednesday
2025-11-06,11.583319730697786,55.02434478772709,631.2594015740198,195.571921112258,145.08403707423946,8.73916325111182,1023.7486955785341,39.4106820564015,788.0346498109773,Thursday
2025-11-07,12.583665203198178,62.79754569860666,596.9805755547462,183.3199549630044,106.73398286949774,0.792828945911512,988.4635332896623,34.30962869488579,698.4374103534549,Friday
2025-11-08,9.411116708904673,57.08372814953811,716.0985877287097,164.58837605076013,151.62546430957985,0.09979727350024328,970.5179171468436,39.06017919220655,727.8307215022858,Saturday
2025-11-09,6.905360827764962,66.13796106468155,867.0157902219732,132.46003388921181,187.46977676543636,2.4103232408590713,956.9279169726059,19.573698260009213,572.1304423768252,Sunday
2025-11-10,6.381968047371082,55.78163712700927,917.0693870053732,138.40265335033138,200.12002997562865,1.4528354043501628,919.9763921495173,17.022459193311434,615.2440170198588,Monday
2025-11-11,8.754743599435441,51.347616517045005,754.3806047499406,175.72318076238042,163.72307354194228,3.270866911541796,1010.1007987507759,14.79374754230399,586.8176391670471,Tuesday
2025-11-12,10.393350776073275,58.35384132519138,679.9060318757339,184.7240057548569,137.18201272049407,1.1787514827680763,1031.1408360695964,27.090914018118866,678.5848492413745,Wednesday
2025-11-13,8.9951453941389,61.42566646102481,721.2837443674141,176.32745562486136,161.75496899771198,2.240458828280401,940.0837852317527,26.807815960803403,689.2698634066413,Thursday
2025-11-14,9.37944323145433,49.721372442051845,689.895533655778,188.57672940979236,165.9287425924725,0.11928904378701827,1031.6033246970435,20.580735897406388,662.3075365134606,Friday
2025-11-15,7.228049223337447,54.60072044931036,814.450945484384,156.915302680598,200.3764880790773,0.578254687064986,965.658187291716,41.97401755869106,711.4237885237607,Saturday
2025-11-16,8.547422490786195,45.989414363418845,759.6283487811411,158.22664924656237,168.3883713056592,0.1736251581178944,942.5440957853259,18.707656982366064,610.2261050355685,Sunday
2025-11-17,6.837893709545887,53.52945564427483,900.6636633633232,150.24491289713544,209.75305999697503,1.568922438926135,861.7291990104857,12.127111239500078,552.2263098090692,Monday
2025-11-18,6.9653649933459025,58.869369147834576,889.2814253430973,180.1337255673172,185.51278500250916,0.8424167624279679,1048.8960227808595,28.10469700259755,699.773358430496,Tuesday
2025-11-19,4.87035327821146,55.67179319041463,997.5342758702659,139.19539551444817,216.63190669239034,2.259332548933573,1029.5006520514676,24.785772359634173,615.6426104534128,Wednesday
2025-11-20,4.150917446711885,53.83316525472196,1044.575123516735,137.71992925366771,226.39818434401076,2.6926655401740094,977.8286205328828,11.085343384576234,481.8609971278264,Thursday
2025-11-21,6.174210329813091,48.02443222511059,935.7258598755466,147.68271925240833,213.37312390639056,2.481971934794197,974.0946967905927,28.011899143625882,652.4182578737966,Friday
2025-11-22,4.768034948382025,58.02684454088346,1034.8344129590635,141.54514520293324,212.94106355362624,3.894550422003343,928.1836171617277,28.30066939146559,556.6251875596864,Saturday
2025-11-23,4.913227646036155,60.05712120149821,986.7254766892274,145.49313942952654,212.30323862727363,3.1754153757763355,1019.5908498661911,45.701069199944484,771.0237187055205,Sunday
2025-11-24,8.022720203287044,56.5643272512492,820.1095931864879,163.7741654329902,192.41013233379442,9.910033636550065,990.444506869597,35.91949317567365,735.2143569869451,Monday
2025-11-25,6.318834835767134,56.221510626133856,913.1537874438532,147.9588716131637,222.3063501610579,0.5823399590409897,1020.8568010298056,19.68697811361124,576.0526739402123,Tuesday
2025-11-26,12.216128811933551,43.85677020375983,627.1485350983584,185.7548037959238,130.1491954656443,4.711128491041081,1002.6814188196323,48.33107527396932,844.0475681199889,Wednesday
2025-11-27,8.097993501808595,62.330648402459055,801.3086507524222,151.84487478430486,163.56634992248735,2.9431876592736064,923.0101588095456,43.85479167920407,718.6522035390108,Thursday
2025-11-28,4.838960639457755,55.846149665468836,1037.7576545574666,144.53159230412052,227.48098296243796,0.7424137135035527,915.5465066548788,45.8943280176592,731.8007548434032,Friday
2025-11-29,7.524012753805708,53.25680754690378,835.9758160019517,171.12280725234467,195.40140571163667,3.134448316759367,1014.9943026042478,25.48782449825425,692.7131028627847,Saturday
2025-11-30,6.546944422393456,58.42708721226388,874.7645123166063,165.92106711460326,202.70309748589239,0.6546024621476408,908.9311253397701,19.212445317152138,638.6343362146217,Sunday
2025-12-01,4.330029344560846,45.72004534832685,1056.2464846484875,135.17380406755882,218.80728924324276,0.5365676670997095,1007.8602148311394,44.49688749752531,693.1465811482021,Monday
2025-12-02,7.777391673225305,53.45575047475718,800.244786048118,149.59639570183103,179.85190711997987,1.0025050314929995,1039.8499241885029,42.3856579196759,730.1610227964766,Tuesday
2025-12-03,3.8951484188800922,56.199933249996654,1113.745560663979,140.31945026421465,224.52138034498964,1.1043779555047215,929.7257921512823,36.27835711836336,656.6009450104489,Wednesday
2025-12-04,-0.7945218605745508,62.49703314818371,1540.066864872696,102.58605234479512,299.5234163398996,4.522870930837302,1028.4741464205015,13.628145005017998,462.28254501439324,Thursday
2025-12-05,6.78967290092874,61.30406091812996,846.6256447841438,131.5495665536241,219.60642684349813,5.688725642782966,996.9424805059554,26.607062136317992,567.905708966087,Friday
2025-12-06,3.8492313780775405,59.28161554235845,1114.6689694301617,142.53664709166915,248.98089203886596,0.0062042416295725895,1021.8330051988426,14.701646170808225,504.4452843580797,Saturday
2025-12-07,7.940969231685445,44.4867326105133,826.7709253460715,171.97352284464918,166.13476822080898,4.281394773610386,963.2438581610791,47.931136228847365,831.778092765856,Sunday
2025-12-08,3.557666898329442,55.458482716301376,1154.9411389753063,153.13026816365002,231.54881452196383,8.984242107358757,994.5710111297824,20.278526435841137,631.6008007034229,Monday
2025-12-09,2.385425469431359,59.1193181149192,1253.5808031907436,101.94512036169253,268.69987186356707,3.487794042366799,1017.0262712765023,44.798990782655615,586.1018562591654,Tuesday
2025-12-10,7.739217795284967,54.54446195963198,785.9610530488205,142.48820237949707,177.7322026000481,10.026218484422346,1087.820573506461,39.90729921125333,696.9019175750452,Wednesday
2025-12-11,2.388527525217436,51.68286347093738,1217.478983401112,130.61243074416365,269.858952801034,4.958720639481182,1032.9275393932217,31.844702580695852,627.1850888288536,Thursday
2025-12-12,4.846640935322685,47.8038945522499,1008.3224615342248,111.64009502903926,220.736977737537,0.23254891229777952,1021.2028246110225,38.94104147753687,552.1520888561204,Friday
2025-12-13,7.242766520039552,56.950841180050965,846.9537601585862,146.75197304636288,189.26664670492545,0.17180678521777626,930.9780437735242,21.38739452432103,575.8379598102334,Saturday
2025-12-14,4.478923198002873,58.13453690682533,1005.6191258519264,119.24287303555464,235.10753251362686,2.623931980928398,1013.1977161931079,12.071618204566548,496.20750308368895,Sunday
2025-12-15,3.998560541468218,56.69464622791307,1088.170257257711,116.58687292746842,229.59574879178936,3.2596521571530412,962.2490997263374,42.9356927806872,700.1481746360442,Monday
2025-12-16,4.2775913133465515,47.950817031320526,1070.6895193051098,105.45264410606188,216.53418992333798,0.6224909327490042,993.1978920475565,26.492241828222806,576.9194135361564,Tuesday
2025-12-17,5.667103791764943,64.33656880219736,937.5202662132278,141.54195566110945,202.94841686317193,2.2402765382726404,1010.359579423092,11.540434476714832,579.2737263206858,Wednesday
2025-12-18,2.294887014323292,43.66292166267446,1242.5443584967234,132.71581618025277,258.4882701330208,1.1226659153873575,1045.7941054210307,26.71155090260428,609.1430006541448,Thursday
2025-12-19,5.052594826135785,54.13743772382159,1026.9667592607734,146.80027748987075,222.06029378131313,0.2874995754141084,1026.9630518121533,37.971555774509945,714.1671931932565,Friday
2025-12-20,4.911574678333764,66.5264974084537,1015.0714516218941,145.73738913753203,225.6194921334402,1.9364743943695473,1006.7170722993864,41.217626887105396,662.8743610292216,Saturday
2025-12-21,8.352290330080036,52.53103839288104,800.6027040590856,161.25842288371283,173.9235181095604,2.370622480828757,994.407661736062,41.856399782429534,751.0426381975694,Sunday
2025-12-22,2.946609979996917,58.803063091878755,1200.3223689577037,145.00179234099545,260.82038250222524,3.203649903504288,1065.686225770265,17.776224766980203,601.554416741296,Monday
2025-12-23,1.726168322033829,52.72333314490568,1302.9457592496717,121.50444952140418,265.0571175731755,4.086725287352662,952.8748949187682,10.794447671711636,459.6525545338132,Tuesday
2025-12-24,4.966760242165767,62.81979193691447,1017.4946737706889,155.26215706720924,239.3199595044873,0.7856786750022509,999.543815134173,46.361529688744,750.6764110511556,Wednesday
2025-12-25,2.644038917881776,51.42165431198474,1200.207135572703,97.78949079003235,280.22289112332055,8.724161709865578,1066.9377655154283,29.308634127255107,588.7575090442012,Thursday
2025-12-26,3.962978936477989,58.10171271703739,1116.1628160782118,136.69096150500883,244.07593021924794,5.818543242366423,987.926118454753,19.30920203825087,628.7582920686073,Friday
2025-12-27,3.5997346855117742,57.79474048334632,1112.9080615142911,111.53983925962727,247.7433924440577,6.7602856818553825,1039.5372031221432,15.016962016220479,541.6868249938989,Saturday
2025-12-28,5.624661315062792,50.24664817060698,945.7260364171393,150.06476294057322,227.9628562205322,3.4856718616675693,1042.6488737477646,43.787967280466454,698.7806141668121,Sunday
2025-12-29,1.9309607299139968,62.890128424108944,1288.9885338028191,118.27371113325637,277.3731177593348,2.8056407001915007,1097.5015579700187,13.515040491742262,502.37864027058833,Monday
2025-12-30,3.020322318523888,50.50395208903226,1158.8771360530532,107.18282937351599,256.42455553249766,2.3385981823024746,1054.7918475016181,43.123237713040425,615.4473591131864,Tuesday
2025-12-31,-1.9356030979918222,58.131059813725685,1701.0320787126186,87.03675661366131,327.2061029796324,3.3054812279496844,914.7081470364824,37.862533172206625,601.4775626145747,Wednesday
