시료번호,촉매량,반응온도,수율
1,4.662494427913508,169.28067969405777,92.22514913952166
2,3.4310183509710046,241.73682243512906,95.1828219483155
3,3.9680365136062252,237.68690513749786,100.70386473671635
4,4.138064972758137,161.57367827718997,84.72215744927276
5,4.614683498461462,168.89059188822776,86.99182125348806
6,1.3023606428063004,230.04681578375644,76.76935174608242
7,1.2733579875544057,154.1507607990541,63.51246636009984
8,1.649916394207625,177.0782356059271,66.1814003651281
9,2.2252617693363588,203.55031002300473,82.4693836058795
10,1.2284260189141634,213.35616672950462,73.79024290653534
11,3.500390962694192,236.1308537090963,94.09259634381947
12,4.072465989827567,177.32256542526525,88.09692726959959
13,4.083011869897065,179.08814748261085,87.17183078523475
14,2.843026946340036,164.2168738774066,72.83692999776648
15,2.727743769820653,178.11128864834404,80.15801270254173
16,2.1068127325202934,220.15961295001816,83.55743618789322
17,4.829448399498169,187.47059643204557,94.73660725650345
18,4.230494905173741,210.96839433106402,95.45272113079542
19,4.282853609987274,216.77250219043128,96.95617000904465
20,3.0638800616362274,209.8781837159618,88.54622468778071
21,1.2958803369894163,191.12272157157415,72.96239220560065
22,1.4198312850911852,199.81847415754646,69.31781286035353
23,1.3397119598677163,236.2103601710394,78.86460598343605
24,4.795026494265107,185.4715174648304,95.37604830392965
25,1.3896900393719038,169.69826834864395,66.72298860827789
26,3.140923233181336,171.8495588599239,83.82076495756627
27,3.816371996715839,178.9961586320228,83.70090221655657
28,4.285180578980401,165.6956343524362,81.23559343702502
29,3.0951506011122136,248.1897348351182,93.89365726424234
30,3.604099269051937,163.92902985696892,76.81481206744161
31,2.582908895993637,228.2684164434474,91.34692831775413
32,4.3349641611175525,207.71073364924683,94.14067724448098
33,1.3928216942821918,249.72297799644528,80.25632060598566
34,1.677225298509152,176.63319747205855,69.49388703855854
35,2.2700377768780835,237.8061174037318,86.36806011138161
36,3.4564021123788513,162.38674712912854,78.88842753186033
37,2.2774306881978856,175.63575971420437,73.3736759277708
38,1.3325141970906262,196.3854761010851,72.81233015824147
39,4.463311757469282,235.84262033976358,101.98265549887137
40,1.3946548102456795,211.96019866756143,79.1482494976429
41,1.9776111155064378,227.72176175439296,82.4753092298948
42,4.693593530702152,199.53276094488382,90.43313992958193
43,3.965835392545863,156.02047609710067,85.65644914262472
44,3.4908700720036685,162.32204374169322,75.16669301280315
45,3.8369538692426746,179.8378713116659,87.73010453028184
46,2.1957100977282247,163.8280108364334,77.17096408090109
47,3.8017612759068404,245.15005249013237,102.74450634916293
48,2.4003336995718683,203.0678910715362,76.47933514049177
49,2.52045030634409,236.44140533858769,85.07397453171669
50,3.501487159010127,248.53358076859348,97.84730507661669
51,2.879829158733043,243.82005870121554,96.23623933916568
52,4.644588952768551,160.3666447629735,87.10359682865379
53,2.110499070752529,153.4311313166447,70.97134791408232
54,1.9105399727186945,220.38993981316057,80.36495229044048
55,3.928700397774906,184.40423881953694,88.08577727045184
56,1.1545087242786987,197.60085384732355,68.33926302705437
57,1.7301297150175752,237.1256476541387,86.39681101599531
58,4.01407269356457,214.3822785012262,90.54537818088242
59,1.1304177241881663,230.05883371980755,71.7259748999549
60,1.4199663071065451,223.86965803939302,78.91357690664458
61,3.831209561408089,196.7982600648774,93.07154030805712
62,2.5370174023294263,184.73569226166165,73.41665362604712
63,1.154112615159753,215.74668673908562,69.69858337069712
64,1.575564990891431,241.27754659265764,77.47402769952716
65,3.908360997490554,235.3704208305541,100.0713953026153
66,2.431993977020167,234.2323615256849,84.40549708909063
67,3.5573728239157427,176.39228930481812,88.0922046704078
68,4.603026614077631,169.0801112547852,93.0302729548637
69,4.971814613204894,219.5614341418791,104.56257541187233
70,3.8877279486506406,199.7288917420477,91.72767524480673
71,2.438427299650262,247.5708665517416,90.72602378179454
72,3.6314573249119255,167.57500078662085,85.17806806649541
73,4.698273509197543,247.41443094006684,107.17838011216894
74,4.371033137562752,244.56394912784214,104.72435653971856
75,2.9408878911769887,151.16657560041529,76.19650334747301
76,4.699457785273987,168.3698180840992,91.1303114210869
77,4.601449818733377,225.6621710324008,105.01472145264188
78,2.6402073021495984,206.66617188130107,82.10794355184319
79,3.1344368969694707,167.86810016183625,76.40546013178756
80,2.6463465404015993,234.04353567338663,88.60856618531622
