시간,고압운전,탑압력 (kg/cm2g),탑정온도 (C),환류유량 (m3/h),제품유량 (m3/h),원료유량 (m3/h)
2024-01-01,No,0.9879309551910329,44.82840043819744,15.002460306714966,30.03351440560559,51.446767429901676
2024-01-02,No,0.99498125356855,45.081776642635944,15.59749107501694,30.226734876244045,48.943012216633996
2024-01-03,No,1.0007964797806597,43.813370849967015,14.451724289275564,29.552150131284762,51.47256477499631
2024-01-04,No,0.9799781273297676,44.454804813866566,13.218816322485452,29.097773255681634,49.93436081611077
2024-01-05,No,1.0034247549334154,45.374369026198096,14.090658429656555,28.83911962063221,51.283653032978926
2024-01-06,No,0.9848964334671412,45.17815693596446,13.016706890007075,28.044558531392298,49.187998013025094
2024-01-07,No,1.0029736526280002,45.9593908080053,15.120287205194877,29.705086529010263,49.24207407937494
2024-01-08,No,0.9989050885482302,45.063800205941675,17.680430491109068,32.84967489375783,48.271302068529785
2024-01-09,No,0.9968636876080742,46.8793773487184,14.015586962897341,28.60116967165049,50.86696823454477
2024-01-10,No,0.9992695694405869,44.42741475426508,13.75905020036012,28.316653558069625,51.40669288029561
2024-01-11,No,0.994602219842683,45.207465913562835,15.979684100370397,30.187884207547548,53.17878284412789
2024-01-12,No,0.9938752855659583,43.46694568325323,15.713774016320121,29.938159857592986,51.93579127720054
2024-01-13,No,0.9831724360913111,43.99749349698836,15.210828497995797,30.425192817531904,50.37467101905363
2024-01-14,No,0.9997037268515067,46.0628207687451,13.139063910583591,29.609720029602798,49.68354421823189
2024-01-15,No,1.0184553371062333,44.24575778601707,14.941496355073452,29.449658561362625,50.58305525928935
2024-01-16,No,1.019804950628846,45.42454013920115,16.390606388916577,31.727318661678073,49.95839343427384
2024-01-17,No,1.0132181759654495,44.95058331411888,12.311570905429836,27.705967335723038,52.195214749028175
2024-01-18,No,1.0070580160085156,44.16436083384994,14.084768477919564,28.625280347001617,51.41591596086349
2024-01-19,No,0.9932351987592001,44.721400580650275,11.197554520398311,26.439449293344985,48.74485830060104
2024-01-20,No,1.0144275078821625,44.58861309228262,12.420924520430049,27.562373730551652,48.9685541987256
2024-01-21,No,0.9994387244555903,44.61010730523365,11.316529924416535,26.339525986163054,52.050922855358905
2024-01-22,No,0.9993112449023692,45.60288656874195,14.529817737850637,30.542139400921847,50.46212020215276
2024-01-23,No,0.9970877286816073,45.521875643533264,12.465107037112594,26.765536048572756,49.65236123646322
2024-01-24,No,1.000919618990183,44.538059442698355,15.542528717643403,30.6787940699726,51.77950424320397
2024-01-25,No,0.9956478509841195,44.274317756928625,15.31350217324845,30.447914196240465,49.4186088242213
2024-01-26,No,0.999162178306269,45.225869867614655,14.626138110740092,29.373716200558544,49.58033673427063
2024-01-27,No,0.9891540089127274,44.919987670599525,9.966480578358974,25.54458395321077,49.308242688151374
2024-01-28,No,0.9962633629525948,45.82262596995982,13.922614208306726,29.469155271824008,47.05749124012598
2024-01-29,No,1.0228055646994982,47.124234856490716,14.902998109197856,29.989065865997908,51.29638548538149
2024-01-30,No,0.9993040597203805,45.67433954753983,15.226617972006615,30.41261883607629,48.186373312960114
2024-01-31,No,0.9976133943522824,44.972215783148634,11.939728468989212,27.592211588726357,49.146960920867656
2024-02-01,No,1.0053237427910506,44.86236482329675,14.044493447932139,28.124016107930654,48.88419217589801
2024-02-02,No,1.0070812182170346,44.314644703628666,13.04296184388672,28.97785472223387,51.09048590295106
2024-02-03,No,0.9888623114082793,44.274661772493936,13.382325521148802,29.683244954087783,49.89712582564412
2024-02-04,No,0.9979284121719676,44.19726759159914,17.121797246772157,32.400015048953094,50.02312482554621
2024-02-05,No,1.0091827584093476,44.683731862875696,13.384930649336207,29.053269900767262,47.48081030915208
2024-02-06,No,1.0026983762907211,44.658285243391326,14.934956590108959,29.237337442439724,49.86884442764796
2024-02-07,No,1.0012195404350177,45.59498456524946,16.768779734766348,31.532687577032974,47.785500350178495
2024-02-08,No,1.0155401766860874,44.68080078799964,13.832799134513396,28.543497314741707,50.46079549349629
2024-02-09,No,0.9932222724036036,44.84204022685114,14.77659610083168,29.505339360578468,50.55008449024646
2024-02-10,No,1.0008274589510764,44.02538077955535,15.22092828649896,30.68235391233234,49.973903775897206
2024-02-11,No,0.9947994133474493,46.315660503357606,15.127563548510125,29.712856900038926,53.0647155287846
2024-02-12,No,1.0149030822907623,45.405589127669245,12.549888347164613,27.729848866100536,50.791593371338344
2024-02-13,No,0.9804813960072347,46.43109853537913,15.152280460754016,29.182762053987766,50.893736262550554
2024-02-14,No,0.9932985830451624,45.63750863362882,17.717646843483074,32.366666158181985,50.21346702957402
2024-02-15,No,0.9947084303397208,46.191708761530634,11.905710643743035,27.26014795931155,49.7108628851926
2024-02-16,No,1.0066353962317158,44.80120997964403,16.718765376043198,31.194493734369512,51.44887739098435
2024-02-17,No,1.0060627547610952,45.573728646365524,15.238708051393163,29.854893846534967,51.65217431251213
2024-02-18,No,1.0139519426023873,47.16440509560756,13.717059211785557,29.788564733598786,48.04825945769873
2024-02-19,No,0.9842596715766267,44.021172430715346,19.000833092684847,32.995877640463895,51.581734407173236
2024-02-20,No,1.0075047500903047,45.94101516405138,16.524519424169423,30.84675896030229,50.77073480154077
2024-02-21,No,0.9970672013571169,46.35835537472955,12.601422195789553,27.4367747385598,51.4410501090634
2024-02-22,No,0.9933437476274183,45.33690206216754,15.149032457542926,30.733538723096082,50.69926817112016
2024-02-23,No,1.0053956853337251,45.6121699485735,16.153379167340372,32.0888124725172,48.13359541554519
2024-02-24,No,0.9907986041726435,46.023707574170444,14.622435749298502,29.826280100241664,48.24062532375115
2024-02-25,No,0.9792308670468568,44.46376386722763,16.365820534390412,30.870579472981117,52.73688579371743
2024-02-26,No,0.9962978151107736,45.333929382515116,14.866965359701169,29.66640264316098,50.37863580297057
2024-02-27,No,0.985022291483581,44.289596051505,16.334495121668656,31.73345176824368,47.8741167587617
2024-02-28,No,0.9935108417892932,44.44700236694286,17.877045183312305,32.13380672552466,50.52219800016216
2024-02-29,No,1.003715547637511,44.494749803510736,13.648675497988695,29.510281261800962,49.45681459508887
2024-03-01,No,1.0031199974561416,44.88298538184625,15.406277220779218,31.073938590809323,47.23487906629751
2024-03-02,No,1.0158689944897856,45.119820510786774,14.073384846923169,29.20115036980101,46.56471774243424
2024-03-03,No,0.9980034525305651,45.37042653361488,15.254536822451662,30.552148124861148,47.595999958695785
2024-03-04,No,0.9846666840945214,43.83927304814772,12.62561094429972,28.23792282378548,50.40768881394298
2024-03-05,No,0.9924390314336432,46.621420337472436,13.841396806994654,29.734362184374973,49.927891672829794
2024-03-06,No,0.9908061577537373,45.94682316540501,14.607608054391006,29.121121374616948,49.62626121406204
2024-03-07,No,0.9878217484154175,45.59485021551421,16.797527744200817,32.20837729503875,50.427017230693934
2024-03-08,No,1.0043536719501545,44.706775686714636,17.290444014908264,31.87378561259811,50.90169564021951
2024-03-09,No,0.9935476766203476,44.926954666612616,12.35294441503149,27.233769481740573,46.84623884069751
2024-03-10,No,0.9802262718331299,45.448933136506604,13.410715268025902,28.62097995715409,49.54827322678253
2024-03-11,No,1.0069692280311922,45.33715198911623,16.293806845146843,31.057254017338803,48.758128024468576
2024-03-12,No,0.9988857343129329,43.62315004953854,11.015160431651012,25.919897899296497,48.150207533316255
2024-03-13,No,1.0035683727835254,45.60742341141605,14.073660270095266,28.367629029018218,49.1791980829115
2024-03-14,No,1.0010572154469999,47.390598070722646,14.805426148659821,29.353836084842897,49.81569185330859
2024-03-15,No,1.0063165473414837,43.485368039878324,17.51402995457364,32.98880557194765,49.60046531516058
2024-03-16,No,1.0003801874701554,45.81574209730727,16.378807801141512,32.22221177275093,47.81799902984641
2024-03-17,No,1.0123620248347822,45.302801580060766,14.345573159555604,29.7360740666121,49.27527572803609
2024-03-18,No,1.0042498278997722,44.90846782423077,14.262848211800081,29.929526123075878,53.02374933788595
2024-03-19,No,1.003920676233884,46.12561259201785,14.49960919896415,29.29123179627253,48.41816773393035
2024-03-20,No,1.0040986691768257,44.02912294953583,18.04705880091232,32.70377708328021,47.469360532253134
2024-03-21,No,0.9854336225743128,45.13367599422281,14.143950114854265,29.370937469508835,50.412862354118104
2024-03-22,No,0.9983536424819628,46.20156372154261,14.39263922327054,28.912730508490565,50.89494224122231
2024-03-23,No,0.997406835104505,44.838321164133966,15.70517813457053,30.139688237683306,50.69606615314279
2024-03-24,No,1.0020754672116048,44.65658957357874,14.75845910982709,29.831201852196976,48.320423696230236
2024-03-25,No,0.9864130583570371,45.09438177791836,14.605431544068555,29.484736426207824,51.49714238786312
2024-03-26,No,1.016341147768929,44.634595721596135,12.771865713697888,27.46290075255849,48.82200171724123
2024-03-27,No,1.0010438866415652,46.27133498423488,14.976957063922903,30.17252742216709,48.29768531863907
2024-03-28,No,0.9878868245934933,44.254521781063076,14.112837554051161,29.069914148407882,49.087283715230065
2024-03-29,No,0.9829111303642116,45.71754501626446,17.332255552380445,32.60970697257218,49.836949239918916
2024-03-30,No,0.9971871270627933,43.970652960346854,16.30617700540233,31.17296875395319,51.07113714209668
2024-03-31,No,0.9991032458707353,45.55005792217748,14.951712773980136,29.806388267022324,50.93574773853252
2024-04-01,No,0.9928170791402561,44.913760424339706,16.336762046534687,31.266922434221676,49.96625109341226
2024-04-02,No,1.0009211382792391,42.8758704229425,14.320260896573702,29.30224307991688,51.39935833351846
2024-04-03,No,0.9935882423276043,44.99508547731701,17.104252716853892,31.559804421322802,50.12223436009797
2024-04-04,No,1.0055165825170629,44.122573006980595,14.989200878656748,29.789302747916718,51.3439758557007
2024-04-05,No,0.9927545818161112,44.634574789925026,16.166764708360827,31.424797758518476,47.89419680778621
2024-04-06,No,0.9996149977489508,46.26524143891939,12.418213509353025,27.99965051681721,47.63873901092431
2024-04-07,No,1.0097883917336214,44.081135130367464,15.693360097756859,31.26713799266322,51.163580669924805
2024-04-08,No,1.025716688829103,44.128039659418725,11.623591765266916,26.11473561710038,47.914876330811
2024-04-09,No,0.989923568073694,46.18470628549744,10.929342110120135,26.139862559646463,49.54772119928692
2024-04-10,No,0.995354922299129,45.09535753637456,14.391046244577126,29.244653947594802,49.852845871976854
2024-04-11,No,0.9916016430220006,46.26778473407325,13.20014478480281,28.466016562476423,49.268073739018305
2024-04-12,No,1.0078432832176927,45.26608589929271,15.328105591424444,30.069216403332064,49.31976578922683
2024-04-13,No,0.9885190069428244,44.274348262714874,19.4895132529721,33.78397042384387,52.08893981776721
2024-04-14,No,0.9951564295440691,44.94546610251575,13.336553637175836,28.894385735186653,46.20559773725045
2024-04-15,No,0.9997039871676249,46.011302744357785,13.752112827112189,28.965945302069017,51.32581045208424
2024-04-16,No,0.9902132146052025,45.774004179880905,15.410807892129398,29.786545091676643,53.442758514190345
2024-04-17,No,0.9904267495769082,45.00072922566065,15.986026582824712,31.5546770851198,50.035376840849096
2024-04-18,No,0.9952437711187814,45.04011493656994,14.647187868188484,30.180845106523943,49.97153780678087
2024-04-19,No,0.9789955975966264,44.90743964790786,14.588139339493567,29.342345582126516,51.08955619343454
2024-04-20,No,0.9855452178292666,44.52426626300293,16.40492591024109,31.680073526926652,52.743281810852025
2024-04-21,No,0.9958696591220683,46.58870379950012,16.0398152740678,30.56825212668449,48.217926576321496
2024-04-22,No,1.00148230636342,45.005914536131904,12.932648335852623,28.702232707499242,50.13153400033284
2024-04-23,No,0.9981424001404641,44.0696727049661,14.841637362768317,29.74855800644741,49.72067521268873
2024-04-24,No,0.9822603130516061,44.60766596110617,15.07057369732295,29.662095129879322,50.839071915259694
2024-04-25,No,0.9953621370824001,45.59745588861139,12.89103075590178,27.915375482403235,50.238780044644265
2024-04-26,No,1.0079843764050618,45.52764754550264,15.519678201348727,30.084795195972028,50.98947967362632
2024-04-27,No,1.0055586551199132,44.88720077226144,13.284087045646912,28.551748172411873,49.36755097711769
2024-04-28,No,0.9992125213847216,44.450194434692165,16.944133415834084,31.837272691119612,50.07350323335278
2024-04-29,No,0.991126301249018,45.01966569675182,15.385491825210146,30.364844125328222,48.99448642938923
2024-04-30,No,1.006312163709522,43.62344995995759,15.1786129715381,29.882443951553455,49.00356424448593
2024-05-01,No,0.9942107101879005,43.92924542796686,13.817943294287453,27.10560805975531,49.787690238990635
2024-05-02,No,0.9883075159752598,45.65711967531163,14.762780352244611,29.832920124681518,49.78698514238092
2024-05-03,No,0.9919781376483822,44.60578496415012,11.004507414185891,25.455939483798844,48.241274386645955
2024-05-04,No,1.0144834529177416,45.308387147114175,12.737185058953884,28.085560728843,52.355087568963164
2024-05-05,No,1.002201800382017,46.002074026456704,15.725679598377509,31.21850850840088,49.79737386467065
2024-05-06,No,1.011592470530477,45.534329993999876,10.742865916355711,26.305522144012503,47.92444885562968
2024-05-07,No,0.9952066368669064,45.01695172265449,16.693217042962328,31.32917704119064,51.65230188893134
2024-05-08,No,1.0093814933918515,46.75038549162457,11.507807049252182,26.76708754239842,48.87757576938326
2024-05-09,No,0.9939849595638193,45.54919903713013,16.513477005328536,31.29559799133891,50.762422002117
2024-05-10,No,0.9984257263096717,44.70843172484641,13.309005934241352,28.203484527828024,49.974474535085065
2024-05-11,No,1.024863502599557,45.602157381165505,16.557982168684923,31.110289205036928,50.375924340573434
2024-05-12,No,1.007671486322996,45.33547719511741,15.2619024151696,29.77376419135178,50.2565316292722
2024-05-13,No,0.994988296246723,44.29601122217494,11.926330119417022,27.827778230807194,49.137248334196066
2024-05-14,No,0.9991518096097328,45.06001216326199,17.49829749911691,32.24069111261116,50.061419430758214
2024-05-15,No,1.0032622342088564,44.8643006396869,17.88341431104522,33.07320857778758,53.04963808057779
2024-05-16,No,1.012104575895159,43.38275812503725,14.868390187999585,29.75652564792717,46.643591232750126
2024-05-17,No,0.9951086690832985,44.85819883418353,14.45216745565536,29.543034585122033,50.098935660024054
2024-05-18,No,0.9825868091539552,44.76715572304807,14.680266068058728,29.6270481380111,50.65247220891874
2024-05-19,No,0.9972035818687369,44.63948853198034,13.049695354442507,28.476143846511867,48.42159272479816
2024-05-20,No,1.0001538545716375,43.64712256144669,17.197173519513836,32.39077399397266,47.94447793226007
2024-05-21,No,1.0010953796873523,44.708279985399145,13.914216136539626,29.142646833534016,53.23837386850744
2024-05-22,No,1.0131669013618265,44.96735832742038,14.897619174616647,29.57094917450396,49.44274439871078
2024-05-23,No,1.0031668707830592,45.08383643256688,13.413407193593912,28.182089560759678,53.118492742404115
2024-05-24,No,1.00812916971636,44.06611231963415,13.747853800559605,29.70265368945404,50.80364496544434
2024-05-25,No,0.988988863060752,45.520181327272745,12.44454969669766,27.56007588925415,50.11421159054317
2024-05-26,No,1.0086790148842455,44.000262913229406,17.514138627428785,32.1171736895575,50.713955768072665
2024-05-27,No,1.0209621983165629,44.815967027924415,14.691824853587974,30.455146072177854,50.9525081681841
2024-05-28,No,1.0077290929025018,46.07332697636538,16.931843237457617,32.282589491015905,51.76948283506565
2024-05-29,No,1.0025355571994072,44.43059415839284,15.02664919382652,30.290903243408895,50.65372376824545
2024-05-30,No,1.0015398818840775,44.57999865762497,13.611192944594212,28.55037538242755,50.21691594117528
2024-05-31,No,1.01787142239026,45.88268246187006,14.346629479995496,30.58856532799805,50.26443127540067
2024-06-01,No,0.9907281851660914,44.684229204146014,13.8795378989942,29.188071002899765,52.02786998311847
2024-06-02,No,0.9988889764204595,44.75579489188359,15.015918198369826,30.287819117851917,51.22545236322814
2024-06-03,No,1.004602075929382,45.18188694800777,14.24946632064609,29.238966622748702,48.4969676700161
2024-06-04,No,1.007440011078132,45.86273528519573,14.400156568116403,28.752987189765886,49.046556804111056
2024-06-05,No,0.9956267209429162,43.188299271234825,12.242850631728173,26.851184536043476,50.49612323611606
2024-06-06,No,1.0030732139472724,44.319063077972714,13.38630814475776,28.75116642615026,49.065618012050486
2024-06-07,No,0.9972207851864888,44.17206924734882,18.30811509760086,33.17321830290146,49.43526947090306
2024-06-08,No,1.0012047113280127,44.10846921513323,13.657533567496566,28.671781048761112,48.5661206274215
2024-06-09,No,0.9986790845962611,44.297773219724235,12.891812424753015,27.516789285883515,49.60753571071729
2024-06-10,No,0.9885840632214445,44.310761352875815,15.674652665150061,29.886358467354956,50.63544146023262
2024-06-11,No,0.9997888641497655,45.24737284096019,17.814544399113064,32.36916462703948,51.49274242458141
2024-06-12,No,1.0087715152206183,44.27029784362266,12.091951395037583,26.654692289542563,50.01384642244058
2024-06-13,No,0.9903298170845832,45.10046742236916,14.58295630349746,30.074118341121643,53.11227504441635
2024-06-14,No,0.9975890825122516,45.32913645989752,13.735894892130185,29.438637793817193,49.885379918916804
2024-06-15,No,1.0066478006445714,44.4015574554545,11.477961051345194,28.244682027757328,54.79013473449062
2024-06-16,No,0.9893013489325283,45.10710094033072,16.469853418516784,31.762026802532162,51.50247813365057
2024-06-17,No,1.0018263833750816,46.34201529235686,14.95311216289031,29.661376144169207,50.74508364773368
2024-06-18,No,0.9893987018104656,45.264043171369686,15.142883688585211,29.692762826774143,49.25144953391357
2024-06-19,No,1.0113463050083378,44.477616460912074,13.495377055108822,26.919975305134805,45.763258969643104
2024-06-20,No,1.0231282138187987,44.94678351113668,15.909568325993833,30.521166924143497,49.767302581026996
2024-06-21,No,1.0202225528424576,44.24964637376627,13.921405301025358,28.94077783228644,50.26732744154396
2024-06-22,No,0.9978081932222687,45.22170897388912,14.714193583006479,30.226677853223336,52.88367980743254
2024-06-23,No,1.0074019912874064,45.705959311557876,12.783478415636974,28.310930650666783,47.930375673462436
2024-06-24,No,1.0012099772850016,44.32964456419819,12.56779447958361,28.105189901815134,52.85882954497975
2024-06-25,No,1.001021058960693,44.82884493177574,17.671063710600045,32.51077114114781,49.62313339161887
2024-06-26,No,1.0154775706093784,45.90983691284297,13.985790590923049,29.417666547047,51.086085317758176
2024-06-27,No,0.9868082042381585,44.59321143264585,15.583360712711604,31.248824642172426,46.1902303767058
2024-06-28,No,1.0105529459746612,45.153682002408196,14.932419130465256,29.406738772995734,50.20854557226412
2024-06-29,No,0.9995102400484427,44.16309535995618,14.117709594475631,28.977288442663482,49.484401919103384
2024-06-30,No,1.0140854062060414,44.330571378205626,13.984078059325562,28.391404470985833,51.02364411523217
2024-07-01,No,1.0018723336889945,44.58122944834869,16.26016518289117,31.943478819552556,50.13683793163516
2024-07-02,No,0.9932732800547381,46.741056018571435,14.39626479093218,30.105072873452983,48.28664056788177
2024-07-03,No,1.0027714037675137,44.672759886930784,14.697112703657416,30.103543515032065,51.42048145593354
2024-07-04,No,1.0073596709502968,44.5760330511443,15.04444311438896,29.440723093188197,51.04194310895238
2024-07-05,No,1.000357636741112,44.54944517721829,17.353016640504002,32.2041873782014,50.89515229419399
2024-07-06,No,1.004880382765566,44.86751811675338,16.361021949266277,31.10760007446138,51.51337304319113
2024-07-07,No,0.9947832482429801,45.52474409468234,15.765200535455985,30.729094006204278,51.65145116187648
2024-07-08,No,0.9786611609915493,45.15159234960282,13.872857213293516,28.891512427158162,49.96728249664114
2024-07-09,No,1.0090002358377335,46.64625173976032,12.236062559987069,27.77243271637634,47.96351379084718
2024-07-10,No,1.0069915973618428,45.171035557386325,16.899059863470605,31.51173394263593,47.92255659177666
2024-07-11,No,1.0014817838461434,46.157923319485256,16.932894268441753,32.16689009464289,52.024626850978244
2024-07-12,No,1.0006841056221032,45.22136889281989,14.718583201753319,29.867422310704583,51.06567115874164
2024-07-13,No,1.0103629576935473,45.48446519875796,16.083767683207036,30.828852828775382,50.15304402131449
2024-07-14,No,0.9954289327452344,43.84512004822935,16.56288610777081,31.35067081353158,49.348027617200636
2024-07-15,No,0.9929346593464148,44.898352441488655,16.662368905329963,31.27583830933359,50.0473356469104
2024-07-16,No,0.9981145013050401,44.944841807496964,16.84276694649294,32.06543227547556,50.03719131509069
2024-07-17,No,1.0118909718855154,44.80563439448202,14.088764698677734,29.04415598632541,49.49486194061328
2024-07-18,No,0.9861288709573551,43.27769709824731,18.029945965329436,32.87439656735458,48.95146260971861
2024-07-19,No,1.01191829992614,45.704499569498125,12.506813883428583,27.559930200848388,53.24647527873232
2024-07-20,No,0.9936074714579448,44.690279736254254,16.723446153987297,30.808550600881443,50.34283990752839
2024-07-21,No,0.9889925650027598,44.64954294220295,15.987864158061518,31.34212994494325,49.09129308841609
2024-07-22,No,1.0126006183614231,44.795862831167874,16.747238227049003,31.04345114793656,48.04690754616539
2024-07-23,No,0.999031099052038,44.81753664890045,18.758016614193473,33.721795436980806,48.91145949546008
2024-07-24,No,0.9869976563561508,45.325678736631,17.9688909467573,32.88207824002682,51.07958972117595
2024-07-25,No,0.9964126694094356,43.98317419874779,12.70964618562135,27.110664846552055,51.137575577777504
2024-07-26,No,1.0093105243088705,44.255166354466404,11.622656839464286,26.488050372807987,49.67246968229248
2024-07-27,No,1.0119207419262177,45.23250663671952,16.633778118107593,31.21334998616814,50.077566040846335
2024-07-28,No,0.9957290131807895,45.11646624905629,12.969975168248155,27.76261863030289,49.54242129477986
2024-07-29,No,1.0040632075909728,44.69867615287301,14.975189222704973,29.386634932491173,48.33824555054604
2024-07-30,No,1.0071408463239444,44.54087007548721,16.67945495401039,31.881557298558715,51.952529359230155
2024-07-31,No,0.9935537350628364,44.33246023746406,11.712405297628827,26.921412067068072,50.5589529654466
2024-08-01,No,1.0035503607516645,44.953315868883465,10.780039091381042,26.394880472236395,53.71453287954471
2024-08-02,No,0.9996812208524444,45.94458597855316,15.518598040674455,30.251484009598624,48.86574456898814
2024-08-03,No,0.9946397558952691,44.15355939889676,15.088771779226594,30.2325588895561,49.7936999474553
2024-08-04,No,0.9950785206462107,46.21865443732013,14.508393857236156,29.181979021674366,51.32445532768114
2024-08-05,No,1.000670344818672,45.675185172304346,15.077069527540436,30.056104187437295,49.63235790864997
2024-08-06,No,1.0002985348695863,44.63762901015205,13.278968785265441,28.741994803596633,47.91845745815581
2024-08-07,No,0.9943451004667566,45.62645990037047,11.973011185455785,27.298246474357736,48.57669556715175
2024-08-08,No,0.9957405489159984,43.82727726651033,14.666690298239356,29.471466150613978,50.151125098461115
2024-08-09,No,1.0111333723834033,43.61474004387101,13.056582617901217,27.707591107219432,50.515050993360816
2024-08-10,No,1.00213827135177,43.96817419507906,11.713037355177786,27.12555010065675,49.858092010118746
2024-08-11,No,1.0088509436658828,44.67220282774865,16.011362142786552,31.082698681110667,51.505227684292876
2024-08-12,No,1.012018222319374,44.73967202484025,14.877202743155648,29.760302743915528,51.48914831307941
2024-08-13,No,1.0058884225963955,44.58788606628586,15.813057073265627,30.347091200478467,50.484168715819585
2024-08-14,No,1.0227088631338244,45.0795381524518,13.021410117148125,28.4905606222408,50.04033785802774
2024-08-15,No,0.991746959682361,43.29187687382505,13.683882416326684,30.056359395778884,49.620661511585546
2024-08-16,No,1.0080840959308228,45.39627952508123,13.001913945559668,28.050491561375953,50.82653769713856
2024-08-17,No,0.9968185602696891,43.864559536886134,13.226716265883903,28.572414361676067,51.37943887071667
2024-08-18,No,1.0185578326337128,44.471319515819744,15.390815835498804,30.540430743364546,50.0909072222225
2024-08-19,No,1.0170044012139243,44.6697196269656,13.434050767330108,27.307413258775714,50.674997350135094
2024-08-20,No,0.9804578881799326,44.075031490606015,15.71213257764055,30.70285049256727,49.51353022657073
2024-08-21,No,0.9903113375748812,43.90320026508993,15.679511850836432,30.258301314590657,47.882675631070136
2024-08-22,No,1.0066431291079434,44.195134667828555,19.050321973760205,34.33763376830929,48.4985684769303
2024-08-23,No,1.0078986720988448,44.990461086287056,12.214421908266381,27.365986806893737,51.148649008099696
2024-08-24,No,1.0073656421615929,45.47198574324755,16.77580475567009,31.20945637706596,50.670504522861066
2024-08-25,No,0.9992913467182666,45.451388142163154,14.821024076223164,29.729672000561933,52.38532050805711
2024-08-26,No,1.0045512082456347,44.20440716938361,14.971940539738005,30.058027014809515,50.08414764346107
2024-08-27,No,1.0065302143578632,44.366738281430436,12.100272356186778,27.110292335287223,51.29716060681667
2024-08-28,No,0.9992212873046268,44.26351746828006,14.079612374550692,29.145319747424253,51.98452539583556
2024-08-29,No,1.0102730196836163,45.35984984967718,16.486394526887906,30.660675158427768,51.491675247147285
2024-08-30,No,0.9774050275089096,43.37006385558516,14.83504325596539,29.73891220691431,49.08717957994541
2024-08-31,No,1.0063379351957,45.990671408465786,15.162108740822532,30.53373430478349,49.72315125836069
2024-09-01,No,0.9896594738771427,44.61215609976827,14.418566638798918,30.46129611275308,50.194659109553534
2024-09-02,No,1.0095867780796939,44.373180108959694,17.309139493972573,32.43148297843022,48.52119696455456
2024-09-03,No,0.997713155751088,45.27156303672605,14.95705486591301,30.097316309267676,50.71143277265649
2024-09-04,No,0.9911121272891598,45.82609524408508,10.599168655035875,26.631134718499506,51.535982749463294
2024-09-05,No,1.0037390215674424,45.27406660550794,13.615854899051019,29.263823739125954,49.27871764069258
2024-09-06,No,0.9908866650215423,45.842195565854894,11.062406785839514,27.288087458059,52.958831324903876
2024-09-07,Yes,1.4908723210244461,57.10748705332301,8.497123169006922,14.688738779030658,49.5639140764919
2024-09-08,Yes,1.4843270564404691,57.983710884566186,13.939769300455376,18.98686057973409,49.695563036396045
2024-09-09,Yes,1.4997329224520188,57.99612803089496,17.667119700205447,22.529631536502023,49.64258173220271
2024-09-10,Yes,1.5049682352169083,56.92041696853435,15.094239812261186,20.174396458533835,48.93758592062997
2024-09-11,Yes,1.5102302598613124,58.15136471034156,12.654908585190041,18.040487328423616,50.626787239236066
2024-09-12,Yes,1.49858272138211,57.1317869610508,13.118600263595155,18.40690078175571,50.03003882089344
2024-09-13,Yes,1.5104785520844766,57.06951457624162,17.26122646050002,21.64388941554764,52.49205778503396
2024-09-14,Yes,1.500179609751348,56.262821063642086,15.31525324679693,19.231909977810517,50.910964894357214
2024-09-15,Yes,1.4990671151902044,56.76897599537025,15.095998483124115,19.750559328876882,50.80653423454588
2024-09-16,Yes,1.505735629478578,57.622066196674865,14.893076422323885,18.890751535907672,49.667693230895814
2024-09-17,Yes,1.5105839277612576,55.949882472210874,15.076800523110693,20.10310002449083,47.87865092825843
2024-09-18,Yes,1.496585655455414,57.51969920746022,16.610811293887597,21.451998358575455,49.86574490199807
2024-09-19,Yes,1.4975623837804404,57.27889276101557,16.10513459471215,20.156833883459356,48.72456208790423
2024-09-20,Yes,1.4983916859530015,57.2220491330001,15.43140940004899,20.732352543608062,51.427764901872784
2024-09-21,Yes,1.5008276912699183,55.23480624366083,12.91426328481998,18.55626599869559,49.9543356691829
2024-09-22,Yes,1.4909959179039485,56.91740566429232,16.022217529819454,20.96792167138414,52.4986142796005
2024-09-23,Yes,1.5102800606006628,57.51860800615277,13.631505844015011,19.602188410536776,51.102965466287216
2024-09-24,Yes,1.4959959036822166,56.389636034465454,17.187691351800957,22.904754988513755,51.253303933472154
2024-09-25,Yes,1.5046244345677786,57.07224535927823,12.457898356551745,17.109111522743447,50.345985721166315
2024-09-26,Yes,1.4917452742777608,55.097541384745426,14.724758047448823,20.27063481460447,50.313008501618974
2024-09-27,Yes,1.503588039528089,57.53711442903077,14.985283427417459,20.20717902403261,50.97990930079296
2024-09-28,Yes,1.5039159301575034,56.4700537522594,12.350708898711726,17.824797897113918,51.38400322537073
2024-09-29,Yes,1.4957931859320266,57.69708555805338,18.44394328771296,23.566772717764902,48.934144606559215
2024-09-30,Yes,1.5202088943299714,55.52577097925422,17.920813534519105,22.269148283087986,50.73842101596297
2024-10-01,Yes,1.503710399612419,57.553813910660516,14.072832476781834,18.86936301249114,53.931630834869104
2024-10-02,Yes,1.5177692892297738,56.81044856987815,16.543442331129047,20.975762041968473,49.86546495965682
2024-10-03,Yes,1.5095913892389812,57.64608303813517,15.757352139340423,20.30416573872522,49.61668487659383
2024-10-04,Yes,1.4933772519294393,56.25943217031032,9.772881073309485,15.246337098888956,48.96129509989609
2024-10-05,Yes,1.496178131843421,56.50523438020542,15.500796032555181,19.72480434518713,47.8271536633352
2024-10-06,Yes,1.5043610206735722,58.793961075858036,14.877311840333503,19.366716967805296,51.78332964071171
2024-10-07,Yes,1.5006117253183875,56.33603827965022,15.16643470694906,20.43855538078459,50.09144812745392
2024-10-08,Yes,1.5004946114175892,56.435178234073696,12.846250160345644,18.02614378671618,50.44944140096237
2024-10-09,Yes,1.4971379504562545,56.778734370267934,14.46130590755919,19.706652712252314,52.76725140482657
2024-10-10,Yes,1.48191523644259,56.18195301934371,14.643482473235405,18.73450398430479,53.76378386527524
2024-10-11,Yes,1.497745673565793,57.95236542908023,17.376188434424638,21.746642957902107,48.667181121199675
2024-10-12,Yes,1.4778187853607725,58.3800106513634,15.66885412078203,20.32425738233396,51.58183776641332
2024-10-13,Yes,1.5037181956878494,56.436715146733334,14.988889939594673,20.006268353013756,50.935768153157
2024-10-14,Yes,1.4927394221257229,55.619174256789364,18.05793999582188,22.459003910412623,50.59938854797246
2024-10-15,Yes,1.4928458327382785,57.9375818423926,13.889504140472706,19.46716103967865,50.719968090121704
2024-10-16,Yes,1.4978069620437002,57.88671240943338,14.221139390249231,19.269887393107584,49.967693224525505
2024-10-17,Yes,1.5027267234629587,57.65732735374287,11.36648997732188,16.738348059888484,52.38692470572069
2024-10-18,Yes,1.4856799382226404,57.92520914779913,18.138211692567225,22.831159609806758,50.924972566579164
2024-10-19,Yes,1.482513988104466,56.30597978734096,16.928664736388857,22.08979098746703,50.520544670419994
2024-10-20,Yes,1.4893393412850018,56.86520287306245,16.833696089023416,21.414516124014085,51.87413630929289
2024-10-21,Yes,1.4795827247580127,55.892712316527565,16.337796892893873,21.76521409474113,51.34861854694266
2024-10-22,Yes,1.490331503901107,55.86546973633135,15.220297175327303,20.428296759139226,50.69418988948519
2024-10-23,Yes,1.5159088303052297,57.784881045815624,15.430977878364658,20.464898558802357,50.494332621030125
2024-10-24,Yes,1.4894341408350296,56.46246939004551,14.495986819465385,19.567256381292783,52.63768082836149
2024-10-25,Yes,1.5065140517490019,58.82365727521605,14.592799148554107,19.893671217640012,50.7684538764619
2024-10-26,Yes,1.4862836519173486,57.059344087986055,15.108607223427388,20.605442270049178,49.869465151484654
2024-10-27,Yes,1.502991201525725,56.48766014781303,18.023659023127554,23.194056896007297,48.71847717021034
2024-10-28,Yes,1.4968026618778731,57.63830816296509,16.111375803616156,21.18816830215998,49.48819399462404
2024-10-29,Yes,1.4994018721446574,58.4410098860795,14.883079748482277,20.33313115110269,48.42964875358847
2024-10-30,Yes,1.5056877759436753,57.38890476754012,13.841215899113207,19.016273402073654,50.16568671357452
2024-10-31,Yes,1.5175624012531619,56.02628386336508,13.73000302517668,19.483247822315647,50.38975520340566
2024-11-01,Yes,1.5019470634983327,57.29680224150805,18.205410022344978,22.871565766505597,46.92812863708265
2024-11-02,Yes,1.5012435895139609,58.10047844885339,16.013374608454207,19.874467510246696,50.031674480037225
2024-11-03,Yes,1.490266322825177,56.605407240778966,15.135101116621309,20.79053228843535,50.97786423077046
2024-11-04,Yes,1.5058333965533233,56.38108643407098,14.307636315694555,19.430798228137757,50.25393166820396
2024-11-05,Yes,1.4975392766945472,57.81315832909032,12.781893176598945,17.418164636406313,48.572078468284104
2024-11-06,Yes,1.5083200704290842,57.11197419240158,14.866276885060207,19.780537342937794,51.90713796347904
2024-11-07,Yes,1.4995629354951503,56.117966317853806,16.747316068940403,21.130667673791223,48.959393744229075
2024-11-08,Yes,1.5174085570380984,56.69620271873477,14.21492550632502,20.34353764734221,48.16137762528534
2024-11-09,Yes,1.4801708349686253,56.39547000722723,14.54551483399888,19.83980582439066,48.38273985159904
2024-11-10,Yes,1.4970340063984493,57.23701493189634,14.557931297122042,18.817782580087794,49.982017082392886
2024-11-11,Yes,1.5088148163880126,57.08774761079483,15.219188735996337,20.470352135581134,51.47807732988616
2024-11-12,Yes,1.49649307802915,57.92035763444818,11.813978242508782,16.933210440847276,51.75196642620344
2024-11-13,Yes,1.4920782693099455,57.567732033584996,14.529203296069818,20.534674634412916,50.31809744522615
2024-11-14,Yes,1.4973411939426042,55.7491728047765,13.291208963691858,17.935739767279085,48.21289517786982
2024-11-15,Yes,1.4862007125239267,57.325592425164224,16.76917006512521,20.468738306952023,49.017974816956446
2024-11-16,Yes,1.5011895377168978,57.71754585573873,13.45880264687028,18.645856972047213,48.65634221747189
2024-11-17,Yes,1.5244046184017321,57.36470341362631,16.15409349460139,20.86467047036639,49.73520324062825
2024-11-18,Yes,1.5114503149822673,57.82404772742358,18.04887490545352,22.53569454745883,47.34143996894687
2024-11-19,Yes,1.4889099089348472,56.56033840586393,14.37280747743675,18.364907149117432,50.16912511830848
2024-11-20,Yes,1.4912665891767172,56.23933453817132,13.796847495753068,19.130567421776487,50.969816598930336
2024-11-21,Yes,1.4959527219097755,57.744056020193995,15.382864518252186,21.181250640348267,49.778499968461084
2024-11-22,Yes,1.5100441612773394,56.14762826281143,14.995941944781944,19.04182320985104,50.69208893957911
2024-11-23,Yes,1.491785129908308,55.272369973777835,13.012767305320578,18.79710241849996,48.593829248218924
2024-11-24,Yes,1.4930976858105247,57.82023995572561,15.92183883142676,20.54529651990706,47.819510884151825
2024-11-25,Yes,1.508847494335149,56.420652059465034,19.031032106950818,24.802431532266862,49.04597557914909
2024-11-26,Yes,1.5086465257047514,56.755147039192266,14.483776009468551,19.753402369046118,51.737087978883686
2024-11-27,Yes,1.4962618533961056,55.88161652141567,14.594247607870674,19.540900661410678,51.54635696553347
2024-11-28,Yes,1.488822365856272,55.939577930395906,12.910135952861829,18.671813240519757,49.31605723922062
2024-11-29,Yes,1.484502551767373,56.07472892641951,15.638176903373095,20.837373438410644,51.806940616348825
2024-11-30,Yes,1.493010098730899,56.71148011861455,12.506047550584743,17.45921480753502,49.51387206457071
2024-12-01,Yes,1.4776947109772847,57.295999260924745,12.786137951297032,18.362632627811816,52.269006330260915
2024-12-02,Yes,1.5074981988190992,55.161751027394075,17.55933454368758,22.04805315414627,50.72503803823654
2024-12-03,Yes,1.4936996930019544,57.601738539694416,13.189093881210711,17.475940509517834,49.323114445937975
2024-12-04,Yes,1.5048129366424514,56.05440146976912,17.162715138662676,22.96223972142011,51.19391337873371
2024-12-05,Yes,1.5186832488760134,56.14695059363675,18.048716007565613,22.569052856438155,48.83887596913118
2024-12-06,Yes,1.5117299570713287,57.54228431046,15.518652914953485,20.162280623124317,48.597125111870476
2024-12-07,Yes,1.48848865162053,56.94029285398849,16.10678280570165,21.165465556858972,47.82416672220587
2024-12-08,Yes,1.508692489864767,55.77085297100745,18.904501887373556,22.734235769709347,50.387877063712246
2024-12-09,Yes,1.5115785702751643,58.4756741497875,14.606543195868566,18.96909955218225,49.920261431339476
2024-12-10,Yes,1.492536434819039,56.31150271604737,13.813988406116769,18.68276621547071,49.88433010887894
2024-12-11,Yes,1.49046703076928,57.19785276155799,12.293537870434116,17.30432318011427,49.38522180354594
2024-12-12,Yes,1.4989030810266146,57.15991227888628,15.083414160692692,20.11101738086649,52.15682701862333
2024-12-13,Yes,1.4839857665048382,58.12906172949056,17.958288421836613,23.223738436215967,49.36459106686009
2024-12-14,Yes,1.5147073494930154,56.63546493164329,16.91919076280173,21.490258199954038,48.914881338818866
2024-12-15,Yes,1.475946362069695,57.80647174750607,13.115817517164086,18.550635001822613,51.869168469103215
2024-12-16,Yes,1.4889319258425795,56.4064883821455,13.289249232334807,18.761096809553084,52.13192565045426
2024-12-17,Yes,1.4973043483599082,57.897703086801776,13.991657541318073,18.550454096387327,50.508288174770044
2024-12-18,Yes,1.4977291290866932,56.389612296334526,15.584536164990684,20.640310409948015,47.389958299791815
2024-12-19,Yes,1.5016612417314263,56.710232721108405,14.589377145792632,19.159105741551887,49.10043351462669
2024-12-20,Yes,1.5027144856867483,58.516773238319225,15.428907890886162,20.917966474071438,50.91935472382858
2024-12-21,Yes,1.4978638798537456,57.25357711049467,15.593478756090894,20.76167581951805,50.02658526380715
2024-12-22,Yes,1.5113688631876994,57.08780717816215,14.402452826643104,19.47045960115942,52.331113367183335
2024-12-23,Yes,1.478606238303628,58.79363942000965,14.919652116794113,19.25783707823914,47.94962820606336
2024-12-24,Yes,1.4999983548608304,57.28908533922679,15.413184754432068,20.42986128413152,51.01757146299165
2024-12-25,Yes,1.492854155882846,56.34709015381711,14.832060592933647,19.46534077685194,49.059450110486175
2024-12-26,Yes,1.5013251343514349,57.587702398635614,16.007041729988103,21.259318877215424,51.98456212740657
2024-12-27,Yes,1.5022075983794627,56.054655266393524,18.74175154665601,23.307913140807653,49.88732455588288
2024-12-28,Yes,1.490881711235052,57.902653230995135,16.183944569541662,20.659377831143768,51.54596869959088
2024-12-29,Yes,1.4935905100346452,57.96478220785613,15.111621092817103,20.563217932290975,49.02870637087453
2024-12-30,Yes,1.5079258672325184,56.54163265716702,11.627762753276171,17.325754011805266,47.88575178269157
2024-12-31,Yes,1.5034905626865098,56.49767852057292,15.775914172030404,20.401674215353975,48.33442537105297
2025-01-01,Yes,1.4931975156339752,57.14120340988073,11.106643176465585,17.076992775158264,49.08995143684141
2025-01-02,Yes,1.5203989095934194,57.01132412142317,12.181931827687755,17.31454130732681,48.46277953994586
2025-01-03,Yes,1.5230917764849508,56.21784990650693,16.70927850493753,21.383774847245686,51.80069200242827
2025-01-04,Yes,1.4853753752103964,57.45447029305505,16.41247012027333,21.33312363238013,52.00836568430269
2025-01-05,Yes,1.5030179496030034,55.36649944298895,14.70012200330223,19.35379292702553,50.40956971888414
2025-01-06,Yes,1.525089944356324,56.65371243339434,11.579977787695569,16.701160058069764,48.44870737225366
2025-01-07,Yes,1.5078389862918489,56.67684722811445,14.2573029662183,19.251333030253992,49.82244387025509
2025-01-08,Yes,1.5022106014291254,56.781387558782015,13.642523363567951,19.543412532040087,48.97103688348827
2025-01-09,Yes,1.4979194316664057,57.245779124300576,16.27368149226042,21.89613821401479,52.18111169273637
2025-01-10,Yes,1.4945880571412329,56.0175820588647,19.515461064855064,23.934479858074315,50.47391527206229
2025-01-11,Yes,1.4978748529738026,57.47081206658865,15.433860975909312,21.19569374858274,50.734154810209525
2025-01-12,Yes,1.4944927058759185,56.85587678774265,13.441377743935766,18.57559659458763,49.40047532191527
2025-01-13,Yes,1.5074490835855803,56.4798271105491,12.65889693939356,18.083297584359954,46.98301759187254
2025-01-14,Yes,1.4960184634730855,55.90653909240351,14.887811438463455,20.340819211504073,48.84329847535019
2025-01-15,Yes,1.4955884848798995,56.053512582613905,14.646413612972824,19.827796164775645,48.32505173180872
2025-01-16,Yes,1.4879783931317092,57.288259817623405,12.696961680945057,19.1348566149415,50.555382205202115
2025-01-17,Yes,1.499504101256197,56.2289207123663,15.232710471384369,20.331112581364522,50.14481041367307
2025-01-18,Yes,1.49105878326561,57.05135895828156,12.698172957378276,17.329561038885036,48.79755905283864
2025-01-19,Yes,1.498192498312709,57.8495863638065,17.2242145434586,22.654528576369827,49.41708665373453
2025-01-20,Yes,1.5104181555272154,57.826114092276995,17.12530121157631,21.706739343662658,52.34971512828349
2025-01-21,Yes,1.5036592488631113,58.24831756861026,17.16950253059284,21.800408111859475,48.56098541095727
2025-01-22,Yes,1.5050472529478542,56.76296534118575,14.051899058782944,17.650872711151944,48.62306869455631
2025-01-23,Yes,1.503560908997578,56.131880742544965,16.029041126636177,21.42662996379923,49.65748657116933
2025-01-24,Yes,1.500591757301915,57.816420408310265,14.735860989561287,20.171499463906724,48.95129460630659
2025-01-25,Yes,1.4987267176932837,57.247683080403654,14.222375877195036,19.69964802615986,49.35687896537622
2025-01-26,Yes,1.4969219378409833,57.89916052006193,14.321708685715867,19.87874076540732,50.797173055946224
2025-01-27,Yes,1.5075911700883307,57.00884485684321,12.400569453931698,18.506012610097184,52.59833621734858
2025-01-28,Yes,1.4891576019071175,57.95651681957011,12.112272608209757,17.378044422866687,47.33075913907091
2025-01-29,Yes,1.5134072258622555,57.677109936043415,16.58862958175209,21.89857487266158,49.97263347361082
2025-01-30,Yes,1.5003407806268483,57.5731367227341,14.61752919216096,19.283856366963406,50.06215778444809
2025-01-31,Yes,1.4925129960942263,57.402818302237236,15.432849702255247,20.212664140197607,49.874101838641245
2025-02-01,Yes,1.4951085392096,57.31815921002329,17.00342077690824,22.331458776382163,49.71933356723895
2025-02-02,Yes,1.4932300959881188,57.186428645611734,11.533735009967852,17.075923423403882,49.48944431614231
2025-02-03,Yes,1.5016020649902804,57.180724991623244,13.431739852368212,17.921858270842346,51.50628922462983
2025-02-04,Yes,1.492821569555117,57.79215567644776,15.350669686930141,20.49626740801098,49.30229355796648
2025-02-05,Yes,1.5114213119878375,56.590416260871244,15.784189573331146,20.614314895567873,49.809026101513886
2025-02-06,Yes,1.4921836100738575,58.38854810887505,14.245851099197807,18.91193284370433,49.99982950110331
2025-02-07,Yes,1.4772747806958582,56.91500596371263,17.0583584653957,22.069666144013176,50.16124337108281
2025-02-08,Yes,1.4926900150727411,57.78830575607107,15.420789877659274,20.176458041148926,49.743704334870614
2025-02-09,Yes,1.4799147882670034,56.92780704976892,12.57323572234428,17.030667305853854,51.49886887414908
2025-02-10,Yes,1.4996013114942734,56.802667203655766,13.13847244801871,17.769047563881074,49.986981804459774
2025-02-11,Yes,1.510591579783713,58.62579318858462,16.610942120989243,22.334432947162163,50.261091327904055
2025-02-12,Yes,1.5064775980026568,56.7525241718389,15.927662912912119,20.077432163557102,49.9228202698365
2025-02-13,Yes,1.4866241049505275,55.97822658985949,11.201877521986798,16.693090863328365,48.49546336784459
2025-02-14,Yes,1.49237744718432,56.42873427278341,17.695424607724817,22.73091010410649,48.75504914588875
2025-02-15,Yes,1.5177863353556669,56.74621763719344,16.196054062187773,21.396043179119154,48.424989321412085
2025-02-16,Yes,1.5031851140873433,58.72415348217422,17.686685975392997,21.805281548534392,50.288972869897485
2025-02-17,Yes,1.5000411869263406,57.16540474576505,14.232598237849832,19.14856932938719,48.9297599077507
2025-02-18,Yes,1.5105606256119355,57.74777071983944,14.408587557335348,19.538152164166117,48.40791816456218
2025-02-19,Yes,1.5245274112543017,56.198720034495935,12.747085830497362,18.372481877687044,50.35715884705925
2025-02-20,Yes,1.5129657327757975,57.282086631808916,20.073859140263774,24.243992810630424,50.787547581541055
2025-02-21,Yes,1.5013941525477057,57.53718267871717,14.649091549185702,19.102445141954362,47.35878622749895
2025-02-22,Yes,1.5035468817598483,58.44130156437148,18.17506638416389,23.358846770327755,52.534509237702714
2025-02-23,Yes,1.5061707979109822,56.44298364134082,13.70541509722544,19.387450410497745,50.04842170128752
2025-02-24,Yes,1.4938730150348987,57.48279157015507,15.327682384666202,20.47995042422409,49.8422489775229
2025-02-25,Yes,1.4894128052728255,57.24206712676266,11.65729502685984,16.68717194582504,51.600162787436844
2025-02-26,Yes,1.5005244908348938,56.18262823157442,14.234265702466462,19.514219959930884,50.10471858069746
2025-02-27,Yes,1.4905278877053687,56.984435011531055,16.967509816800057,21.825414186752983,49.09421156025877
2025-02-28,Yes,1.4993853758096494,56.78922007237089,12.496512368851008,18.165675470061604,53.29186154363881
2025-03-01,Yes,1.500961230399921,55.139707659242575,17.144455089869226,21.30545309792685,48.388406309405354
2025-03-02,Yes,1.5234103732188293,57.478935299505785,15.674475631696925,20.665158454596725,49.85356868891419
2025-03-03,Yes,1.4914895000534343,57.43219473579482,12.912098150031488,18.041356410695283,51.2707921329275
2025-03-04,Yes,1.4987821106802905,56.64885216480319,13.996805457148653,18.54228305411008,48.39553177843535
2025-03-05,Yes,1.4983569711041547,55.92915044430824,14.081868646589173,19.28150590663443,49.84695803856673
2025-03-06,Yes,1.5043731053337532,58.1839046937061,14.900961324114995,19.92832410964297,50.57984736450364
2025-03-07,Yes,1.5104672433158361,57.21279942991504,13.927712068113815,18.829761527746935,53.60247099846241
2025-03-08,Yes,1.4950951649837334,57.8133610352093,13.345424198390926,18.708896153494806,48.66080422915661
2025-03-09,Yes,1.4917864796989497,58.12825743736161,14.390824594970365,18.742343630108596,49.92850755750206
2025-03-10,Yes,1.4835928938406835,56.58327457254158,12.946220522781902,18.124777573917946,50.98806069595461
2025-03-11,Yes,1.4907379550319715,57.64972362611261,12.420946854713847,17.894559252131955,50.12156803161493
2025-03-12,Yes,1.505364408345766,56.80708078906391,14.903647034985283,20.05529126054959,48.195729069999146
2025-03-13,Yes,1.500456470418232,56.949961086800094,16.765748451109136,22.127387496977196,50.612193453073424
2025-03-14,Yes,1.4898456600509384,56.93150750668905,11.94125658976527,16.646574643697736,50.16132491817757
2025-03-15,Yes,1.4962723252351515,56.99894485403597,15.007016302927921,19.252374460318755,50.66844680981898
2025-03-16,Yes,1.5003147294779027,57.89116815970347,13.700087610397409,18.9496127203868,51.69719918265459
2025-03-17,Yes,1.5050367893160892,57.09906202482289,13.045709125730621,18.468714476875554,51.51979455899654
2025-03-18,Yes,1.4940660564716148,56.877013801553524,16.70687530542924,22.59609967147475,50.61164356427199
2025-03-19,Yes,1.4974955994234214,56.77877021478671,13.963660621818669,19.37560079774028,50.465879272361406
2025-03-20,Yes,1.481815652666598,57.27305131936416,17.996603366129758,22.259968880832183,48.3522924269115
2025-03-21,Yes,1.4884861419776205,56.28410554935367,13.440321271707214,18.99930401198738,49.79852776373843
2025-03-22,Yes,1.5161771565817885,56.59787325556003,15.773003987251665,20.27288851465314,50.33048239603531
2025-03-23,Yes,1.4781185932730516,56.958175535114194,14.545433986885593,18.847972615368917,49.39847712448531
2025-03-24,Yes,1.4966219744736597,56.547321350233304,13.491956381747274,19.94731118342881,50.14641308516664
2025-03-25,Yes,1.5021919822934426,56.9052190776505,16.175350085155507,21.22072776633867,48.76202012201761
2025-03-26,Yes,1.4962565075467296,56.511378509664794,14.690034853850385,20.07850668436895,52.30148959968235
2025-03-27,Yes,1.491918424766346,58.60316622322318,16.206421161427293,21.367554171633397,53.22811881057138
2025-03-28,Yes,1.4993892146761267,58.06324859251828,14.905416985566008,20.820913674054168,49.415680756767
2025-03-29,Yes,1.4999503459849772,57.35996173045155,12.828367489397124,18.18758399869495,50.60053776784837
2025-03-30,Yes,1.499178825950681,56.957105185488906,14.795861513622187,20.425124378599765,49.64876107647792
2025-03-31,Yes,1.481222878788479,58.75261133023937,15.10391033903228,19.579877380130036,51.894291576410865
2025-04-01,Yes,1.498525963720446,57.258362326458894,16.916925907762394,21.029152821712103,50.65249533687823
2025-04-02,Yes,1.4914488730970845,56.93052359370491,13.187461985329643,19.081994291920477,50.11600026185989
2025-04-03,Yes,1.4945226412518646,57.242501101454764,14.92134029346539,20.666636123323347,49.66450549518648
2025-04-04,Yes,1.5022697476334146,57.24475456512953,11.556242539539923,17.15598119324271,50.18919102132265
2025-04-05,Yes,1.5064072875048056,58.12825416518698,16.302986120686633,21.28572076047862,48.49944418219256
2025-04-06,Yes,1.5089677733424187,56.98482824601286,12.837034050718708,18.136418942973258,51.01329873724199
2025-04-07,Yes,1.495035869430211,58.6794598592458,11.38728095783279,16.404472147832337,48.92900764007444
2025-04-08,Yes,1.5092400277672011,56.294382991998624,14.881566331450525,20.66272864829867,50.80232281878794
2025-04-09,Yes,1.51173727532624,57.555240173535076,17.211369917325694,22.319673333009035,50.1944527074775
2025-04-10,Yes,1.5113663792454606,56.198538578681756,11.95110610357625,17.50894821546973,51.64241468937165
2025-04-11,Yes,1.5138976793881143,58.45368076529917,12.823928829223146,18.229598580036733,49.974510758465016
2025-04-12,Yes,1.498543174940811,56.73554764888546,13.513450217893437,19.186061606782527,51.53460647924934
2025-04-13,Yes,1.4982586808492673,56.95344858255007,12.741006707315993,18.219408686516328,48.61647090233291
2025-04-14,Yes,1.5082505077939434,57.739389525042014,15.758855776669169,21.05565008379785,50.91416707501782
2025-04-15,Yes,1.4863347568487197,58.00427254722258,13.385265109911028,17.962273161482642,49.66385521499241
2025-04-16,Yes,1.5020942904726835,56.110498530729366,13.556970527079596,18.956289973603536,50.29132685407268
2025-04-17,Yes,1.4946944100783008,56.72307280668678,16.166610797364623,22.143550473157404,50.107624295788305
2025-04-18,Yes,1.4963121094913858,55.88406138176018,13.488970738062632,18.380812161631848,51.40443668266218
2025-04-19,Yes,1.4825848555210142,57.109844121100416,15.865560195561445,20.71458974180169,46.97058124759269
2025-04-20,Yes,1.491094556941968,56.91890197188693,13.057229656235913,18.697478545067334,50.48462261266895
2025-04-21,Yes,1.499795060705429,56.720852781792345,12.575722971569421,18.296802257215326,47.758252038781436
2025-04-22,Yes,1.508884531740936,56.452430928879515,11.329101421618155,17.008404825452562,51.81022525183264
2025-04-23,Yes,1.5099002658940806,56.691274828921706,18.72240557382346,22.54136488486589,47.040885208158635
2025-04-24,Yes,1.4991967352500408,56.40288372901564,14.359481935738007,19.67439887952314,48.494327324204136
2025-04-25,Yes,1.4981071164277102,57.423169473620895,15.487866735896858,19.847242804877094,47.48918125293995
2025-04-26,Yes,1.4916932081298366,58.21276003776376,14.937900982038402,19.53175992468221,52.458854148631794
2025-04-27,Yes,1.5040235649697613,55.45542071314478,15.319923514014526,20.561958055732298,48.06650221581661
2025-04-28,Yes,1.4975242199949246,56.90722598714285,15.099372958748745,19.941523601093838,50.17087175611094
2025-04-29,Yes,1.50605884539149,56.665462580724714,18.816434078405397,23.839602127088742,49.19631101894645
2025-04-30,Yes,1.5175168680412596,57.393894870801034,12.922146818085706,19.70400146315256,47.300356393492926
2025-05-01,Yes,1.499676250427382,56.23858638612503,11.885075787803647,17.585158234215253,49.4940680074736
2025-05-02,Yes,1.4850264552582593,56.88285133544578,12.97608066303129,18.539898923235395,50.99410287628927
2025-05-03,Yes,1.4913914955697116,56.168326254017195,12.330581980482908,17.14966004295594,49.72359752118377
2025-05-04,Yes,1.485418525586634,57.55735827477823,16.493924104963885,21.023049557751587,51.41161999013694
2025-05-05,Yes,1.4880289031058502,57.079419703966636,16.640756419075515,20.944849833892413,49.45711284987068
2025-05-06,Yes,1.5130527072348547,56.87082034754918,13.077368909699347,18.00333410046632,50.010287691121334
2025-05-07,Yes,1.5022665957345849,57.296150343208275,12.219128447074016,16.951339574401572,49.422801868970566
2025-05-08,Yes,1.4847982556842425,56.802813356295246,14.290406693717811,19.031521015812974,50.51535246265003
2025-05-09,Yes,1.5065363216603012,55.756943213618534,17.78224775575279,22.399662062518512,52.84836769992786
2025-05-10,Yes,1.5126037487407888,57.47658432794661,9.360861164403367,14.424488113977098,50.54336088457651
2025-05-11,Yes,1.4964012544256413,57.230616136365974,16.05325353803175,20.238379633747364,50.29166189612025
2025-05-12,Yes,1.4932400916086312,56.8767363187641,12.84848954510283,17.382908828303744,49.07237800934713
2025-05-13,Yes,1.4966262228751506,57.787939944506846,17.08073429308255,22.09962141997116,48.86677942915301
2025-05-14,Yes,1.5028460651025417,57.97479643983351,12.844152118246496,18.08961017210283,52.19610395239471
2025-05-15,No,1.0063997015025636,44.12617389270278,14.42916834556832,29.999221675168915,48.33164232180624
2025-05-16,No,1.0118221683804023,44.37513914241184,11.987441798720873,27.81091722808239,48.6302872291211
2025-05-17,No,1.0121247820591317,46.23782807661428,13.045484299003805,28.07061640812797,49.85382326248247
2025-05-18,No,1.0118540384822698,46.13508149327305,17.771678326092236,32.82953228068528,49.3605343517062
2025-05-19,No,1.0136192143178007,44.40928549713112,16.641157371780118,30.756781361322826,52.934283578727104
2025-05-20,No,1.0066138778980036,44.055431958210676,14.196663695698648,30.41850909464797,46.450652109891124
2025-05-21,No,0.9846909339566802,44.489945957011216,13.259655259591488,29.03139188322632,50.54204318919154
2025-05-22,No,0.9986903577048638,44.60150687454591,11.212385726976372,26.48363045669143,51.0690656796545
2025-05-23,No,1.0031392051262338,43.732747334490625,14.212686576198031,28.70981820152652,48.319259626532556
2025-05-24,No,0.996168737349923,45.024933802199406,14.938193494827404,30.134398433945645,49.03313430939035
2025-05-25,No,1.0091126085490196,43.97585687220678,14.831891284331032,28.913665391656266,50.64891494750409
2025-05-26,No,0.9963978602781449,44.03168827996678,14.81241614404766,29.441523311589716,52.44426965007947
2025-05-27,No,0.9907425297003629,45.732885137812886,12.756380745546148,28.355121450493797,48.61922994082325
2025-05-28,No,1.0144429899943905,44.45344857961539,14.867452229268764,29.918431506388906,47.63116660971549
2025-05-29,No,1.0066600430980635,44.94282305430844,14.922653240929789,29.684905551414968,51.4587043698515
2025-05-30,No,1.0021925378420038,45.50327708454056,17.581124075606354,32.798381457614155,52.28561488800076
2025-05-31,No,1.0092670909145984,45.65057925767298,18.733466908704724,32.84080321238688,49.49745261296683
2025-06-01,No,1.0106253423933538,44.73038389696579,14.726021946164417,29.895770059462365,46.67931983736764
2025-06-02,No,1.003410358109727,45.03529398292368,13.467388097648227,28.371706537215417,52.17779670370489
2025-06-03,No,0.975423385811057,44.339675208484195,14.870035740476073,29.459346938020268,49.702204416468575
2025-06-04,No,0.9932441054933228,46.397903757167214,13.784757449491126,29.13797958451723,51.685847415764115
2025-06-05,No,0.995434208704217,45.51995985421052,13.515132368507501,28.167179414591466,49.93477719916757
2025-06-06,No,0.9901579910488687,44.11740817605917,14.882699696155715,30.8454329509126,49.43653018065392
2025-06-07,No,1.0019867743392032,45.00324637508508,12.91339113769537,27.829693601191835,49.322130969365375
2025-06-08,No,1.0119220213285134,45.570841349887566,16.212213502310036,32.0859021435665,52.21016752689752
2025-06-09,No,0.9951509441479293,45.38352877325499,14.792168901631845,29.26596661680707,52.151676916997836
2025-06-10,No,0.9886516733032913,46.463336094432314,15.500016613719906,30.75299066151248,46.79322557183162
2025-06-11,No,1.020280348109105,46.09785529054673,14.634119928058658,29.07092008943183,48.59561752827756
2025-06-12,No,0.9954856239390246,44.56855483373878,13.545491105495175,28.02038334100526,52.66561824205698
2025-06-13,No,0.9876703507528675,44.92865559963019,13.104080880502297,28.373525463988905,49.44905981904351
2025-06-14,No,1.0023767724961845,43.97476688561905,14.525447991350918,29.911682607321538,47.95928989454362
2025-06-15,No,1.0042568258158953,45.199562386311555,13.902479325144377,28.375099915934527,50.006698605979
2025-06-16,No,0.9929494991031933,45.120816847637066,15.467802666419152,31.01309593338076,49.83744980418247
2025-06-17,No,1.0079045357458827,47.162786290095234,14.991136593604722,29.59322342675603,49.853982447059494
2025-06-18,No,0.9951268056171333,45.07806008336769,12.275386504154541,27.61345919877156,49.28065567529565
2025-06-19,No,0.9907704908460961,43.32539809547913,15.134242598856703,30.310707768846655,49.53488450789108
2025-06-20,No,1.0017859086852485,44.46233081063635,12.314279165718485,27.880192089877408,49.316138366673464
2025-06-21,No,1.0077076897712496,45.08987936922006,13.767044748961439,27.991434174308328,50.500859969718014
2025-06-22,No,0.993661485088053,43.995187765925756,14.411292781564304,30.279444812299495,48.78089019883127
2025-06-23,No,1.0033062555601422,44.306233852758744,10.849453444177378,26.545404650590154,49.565533551874026
2025-06-24,No,0.9990650836059465,44.70749135341752,15.183014895719962,29.951916665714503,49.783889156660116
2025-06-25,No,1.0282443364973615,45.27344930757249,15.30196669942867,29.759693078090805,51.95861135953118
2025-06-26,No,0.9929144031883691,44.867726391030175,14.683951613150654,28.868520687194046,50.56011670113524
2025-06-27,No,1.0138417160053952,44.28861401004245,14.151365455056812,28.55551730150581,49.83544957978296
2025-06-28,No,0.9994765371156111,45.6301449875961,14.25279267978372,29.599982651340632,50.80428195598189
2025-06-29,No,0.9987323799632771,44.56829004038037,13.046921062777887,28.071692313868443,50.609177430314084
2025-06-30,No,1.0072166511153644,44.600552925270584,14.460599260542375,28.948781359603913,51.631752284885586
2025-07-01,No,1.008939905665405,43.89627872643897,13.894776392970277,28.74183127091284,50.75976981864952
2025-07-02,No,1.012670156409534,44.37118740675051,15.183370785374798,30.94708997708062,52.69086604332689
2025-07-03,No,1.0032865173513517,45.52141727670812,12.591727820910286,27.667217588621583,52.01692556949966
2025-07-04,No,0.9939960361024207,43.705875873173,15.471179818022287,30.13183771348055,49.93849788626545
2025-07-05,No,0.9946235389581594,44.94306104429303,15.28643778695534,30.933097042353,49.37823553719185
2025-07-06,No,1.0050965319088334,45.574180018619906,14.716874335642553,29.976132748240214,51.32383363013736
2025-07-07,No,1.0058089987060774,44.6983131142974,14.121590353827422,29.231571732987668,50.77494354858391
2025-07-08,No,1.013980509406965,45.19183241472397,16.104679784940224,30.690320859726786,49.85814655109569
2025-07-09,No,1.004184304554187,44.10656479089366,11.670796586412271,26.227511536948274,47.7845727026761
2025-07-10,No,1.0106016826525774,46.048222321747794,15.92090667629024,30.243544747916772,47.251439236489404
2025-07-11,No,1.0151677103478396,45.88084026888221,15.486074932380744,30.197236637922657,50.52238782604271
2025-07-12,No,1.001648005445311,45.188399266546654,15.566752585069231,30.400264476361276,51.15626339819303
2025-07-13,No,0.9851444134840931,43.595936912067266,15.766625184865351,30.868083808392534,51.20515322313814
2025-07-14,No,0.9882072291349941,44.16323012984235,13.6927111868143,29.09932243180528,48.06924235480421
2025-07-15,No,0.9856219713180949,45.78136244954507,14.481079883397129,29.644432674805863,51.55601576366475
2025-07-16,No,1.015915903810141,46.370496872222965,16.2741166624327,31.256909248761083,49.19876402664759
2025-07-17,No,0.9915259140517106,45.237292351988,15.86127848816622,30.27138829354547,50.58263228266071
2025-07-18,No,1.012318415654123,45.997855147228556,15.413425530885297,29.294705506208018,50.6250370620025
2025-07-19,No,1.0058573191156388,44.513790637262765,11.971359509760745,27.013785646206767,48.79627034664542
2025-07-20,No,1.0171526912683906,44.848490274711274,16.075774229766417,30.491122195212803,49.113012426524755
2025-07-21,No,1.0100309381948784,45.000918322850644,17.338941983986214,31.778734309316924,46.89042088516473
2025-07-22,No,0.998976297387866,45.338477402988,17.019342986085714,31.6801316999008,48.62488918138101
2025-07-23,No,0.9979996954960673,43.77695232764407,15.46775609753821,29.79917695016889,47.29618691126939
2025-07-24,No,1.0008516771994616,45.752533474030635,11.884642792791611,26.640923302649217,50.65603569720184
2025-07-25,No,1.0017526095189886,46.058037315493436,16.88508962845604,31.64642213338641,50.092125374092454
2025-07-26,No,0.9946925632887659,44.08101188092803,14.705490726560466,29.792826915229277,51.371078103608966
2025-07-27,No,0.9996737170241135,43.91572826299212,9.934960703866068,25.113465494521954,50.53481334678398
2025-07-28,No,1.0160932006200238,45.2804480916941,15.754414806214408,30.928115859975367,49.04786342207633
2025-07-29,No,0.9829786168917435,44.47655047511004,12.015656433840928,27.204363434280435,50.519301598622526
2025-07-30,No,1.0025848813952687,43.1033362539217,12.407118839609874,27.156450411875284,49.41436232937517
2025-07-31,No,0.9909304719401925,45.64686681282029,13.730082215252295,28.87743932768968,50.913592535952155
2025-08-01,No,1.0018703708280488,45.12447553352082,17.545182355765768,33.23187091268206,50.47305944868411
2025-08-02,No,1.008398557752082,44.61868240175372,14.258309291643213,28.99501526231873,48.5171401573586
2025-08-03,No,0.9994238981954231,46.69075543416859,15.541983175473431,31.070854732098585,50.003298619494764
2025-08-04,No,1.007729869198484,45.111123401343725,18.495935927504462,33.835230281041326,50.08300107012631
2025-08-05,No,0.9841016059861581,44.39725595175584,18.188059525311584,33.61833437333547,49.53843357161539
2025-08-06,No,1.0110698911266547,45.080921449680275,14.79329316834527,29.40264984431009,51.34235986399673
2025-08-07,No,0.9939687075735189,44.167944586055285,14.516957955878977,30.572949125976713,52.56957635105508
2025-08-08,No,1.0062240806979237,44.390634580767404,12.4782587318209,27.788607587775246,49.448399430425475
2025-08-09,No,1.0018244809597647,45.30909024170015,13.611083851636817,28.623081013118558,49.4739522753996
2025-08-10,No,0.9741443782087621,44.5566414350302,15.85071669522554,30.650471068201625,46.62790523318135
2025-08-11,No,0.9924393587852978,44.639220740823816,15.791461523619294,31.01310214113916,49.80662088974922
2025-08-12,No,1.0022050836793541,46.335155888672624,15.22047646234792,30.22399258243662,49.34572594973814
2025-08-13,No,1.0155397608156913,45.68771902654911,16.98960331512785,31.70219464325907,46.75823127867765
2025-08-14,No,1.0028726828590366,45.642260656085455,13.455263973933638,29.251532034513307,50.432740503816774
2025-08-15,No,1.0025769587977074,45.423053361758576,14.88784695963307,29.537680928117474,50.88651980717749
2025-08-16,No,0.9858731591037061,45.38736124937935,16.462485976989626,30.794665414713243,48.89883989421636
2025-08-17,No,1.0143114669652349,46.16526791912571,16.168291812455834,31.4480151808695,49.44108150610992
2025-08-18,No,1.0180707699518812,44.98436321121987,17.141891551464838,32.279501086715555,48.55027428084175
2025-08-19,No,1.0002857504312397,46.48441129991982,15.79404081353012,31.26162549994564,51.14381318771711
2025-08-20,No,0.9978024295177989,44.23887866563015,14.381194888806336,28.906975520080138,47.72383401281385
2025-08-21,No,0.9838095028419034,44.795969849823,15.724384520524799,31.192641798008466,49.530108064342684
2025-08-22,No,1.008833210589565,43.89712291089929,12.994809607231783,28.436339308880846,52.92660825168091
2025-08-23,No,1.0270227932569242,44.72498158424565,11.721081336913748,27.93026092099184,50.077381901017795
2025-08-24,No,1.007171130747865,45.414753946363525,16.161343561794354,30.4210653753391,50.701897777416235
2025-08-25,No,1.012637035181532,46.160997511380145,14.889719334357983,30.009867575182156,49.780018809587
2025-08-26,No,1.0054208729370817,44.46933796944248,15.616819252834016,30.416353617812597,48.23836119989961
2025-08-27,No,0.9901498411343125,45.004243578879276,11.604631272317164,26.14928518402204,49.95099306917056
2025-08-28,No,1.0133667263101986,44.71263168013205,14.26977195054914,28.985350786100906,50.60971051431476
2025-08-29,No,0.9876542510053028,44.409120047372085,13.800285772536945,29.4837892708338,48.466037540300825
2025-08-30,No,0.9978933509433696,44.048496437162136,13.27157577052666,28.209937854535568,50.51242087419987
2025-08-31,No,1.0027885174500253,45.04852893224144,10.48996998707508,25.579674216040665,51.867365043506325
2025-09-01,No,1.0088290966077667,43.61434799965187,14.330253035725898,29.831357928096985,51.60453410155988
2025-09-02,No,1.0041598566543097,45.0884345206596,16.794608576332383,32.10958605553228,47.6258820800463
2025-09-03,No,1.003868345008334,45.0167615483902,15.761995443727477,31.17918787582796,48.537080616417924
2025-09-04,No,0.9923851193157124,44.47379976086089,13.798106780668387,28.523449415247498,47.57948101667577
2025-09-05,No,0.9871062858603954,44.19127714407203,14.9702480566994,29.944218874567365,51.60673280935685
2025-09-06,No,1.0006148066826321,43.89255417471276,16.513600160476017,31.877569714301885,50.91549402616403
2025-09-07,No,0.992898052227571,46.49706272878219,9.479164274691612,24.70323078279804,51.05471084100614
2025-09-08,No,0.9869221437193075,43.92642234864894,14.750926906386725,29.401168630253313,48.68247454163469
2025-09-09,No,0.9873405352849806,46.2461618876401,16.086400294362875,31.391876253416278,48.250001060599345
2025-09-10,No,0.9950987152582689,45.48013180789401,16.36425725046835,32.00900587249391,50.11536159795093
2025-09-11,No,0.98147421139826,44.708783225372095,18.40146041402006,32.485277000677065,50.15147548234855
2025-09-12,No,0.9865253129715563,44.07433852502267,17.27009135819296,30.744298014748058,48.7186198835047
2025-09-13,No,0.9836486307093075,45.83399479748799,15.625125669492494,29.83745487891441,50.21326382804864
2025-09-14,No,1.0018225946378165,46.38372095739366,15.603952012230852,30.03733058677845,50.966852076076535
2025-09-15,No,1.0040798422951842,44.252780472952146,16.5738906959892,31.347663277153206,50.34202366788506
2025-09-16,No,1.0200714096318282,44.761003835295654,13.921346010515318,29.337136013224757,48.440930694976025
2025-09-17,No,0.9850247020076762,45.84129901183497,14.91962389011363,29.854410907447438,46.83100675773004
2025-09-18,No,0.9932040304109033,45.26862668802148,16.81247800615707,31.281060447447594,49.6116800794152
2025-09-19,No,1.009126113893228,46.599968764924924,18.91489042979018,33.600086229808284,50.24653236648423
2025-09-20,No,0.9978322619501104,44.54388444042292,14.681465388536516,29.232382973088075,49.60987429968393
2025-09-21,No,0.996730020612922,45.43383296669561,14.903198621340271,29.889418588324364,49.35747479516748
2025-09-22,No,1.0170916970333956,43.99925762404666,15.396960387575358,30.036480117851287,48.962832205418174
2025-09-23,No,0.9966159384047927,46.676713384399235,17.686407388016114,33.75793824269948,51.073457017473416
2025-09-24,No,0.98843805130666,44.4157273501694,14.9393733928217,30.35382952358526,49.92143798268423
2025-09-25,No,0.9868306004013306,43.23362637656384,17.93871807294229,32.22733905323008,50.184830863064
2025-09-26,No,1.0033569432231393,44.8993887829923,13.0666855651425,27.76154990393129,48.542714570319056
2025-09-27,No,1.0030524160340597,44.88845550310934,14.62792740852601,29.446045561118822,49.06936748997796
2025-09-28,No,0.9862829762971382,46.53245721004943,14.603669686628947,28.820865158466514,50.24569684197192
2025-09-29,No,0.9901460374227369,44.728944283693004,16.57301144819244,31.05046307268403,48.491873245767785
2025-09-30,No,1.0053471263781562,44.98988500468632,17.090520753956557,31.512355120019066,48.111051536782725
2025-10-01,No,1.0057726677252514,45.47475109753022,11.981111283763536,27.724963000039907,49.50627349745698
2025-10-02,No,0.9935677791639601,46.269016546487585,13.16976474837755,28.139488115446216,51.80145615879959
2025-10-03,No,1.0062221620185199,44.949416308469765,15.673704957552925,30.211061571251854,50.28642766739139
2025-10-04,No,1.0057185458729057,45.83158231487031,13.68261270822837,28.14411851822293,52.18939926234161
2025-10-05,No,0.9821691825128046,45.414467670448786,11.955144448704715,26.671310729244382,49.80271601930163
2025-10-06,No,0.9968793624955129,44.76301173219043,17.07695994404696,31.83608592464395,49.534901958712716
2025-10-07,No,1.0041512559112111,45.062043553592865,15.987940168307297,30.78158159990583,47.91164392296704
2025-10-08,No,0.9942692429783602,45.02293910308539,15.986354993721495,31.454845308190173,49.135663180456696
2025-10-09,No,0.9786106813103229,44.26718029142597,14.04910856710781,28.829632405086798,52.15277560574798
2025-10-10,No,0.9971698527853388,45.97094460355688,17.05787690433464,32.381681357171665,50.49132540875228
2025-10-11,No,1.007520931599414,43.89150379786546,14.52008000714576,29.696635162522888,51.099681653359454
2025-10-12,No,1.0158040558581314,45.93693513804066,17.192870555645904,31.971265656471964,51.057646748228976
2025-10-13,No,0.9780921733874601,45.76353546329966,13.176669698114756,27.354850597458125,49.98568184004615
2025-10-14,No,1.0261332134556427,44.92556059353611,13.291729104632399,27.817527101673093,49.69279102015465
2025-10-15,No,0.9887286366897073,44.387644522021006,15.409326421195393,30.739108206830473,50.178775359772885
2025-10-16,No,1.0095697087080113,44.81885993147048,13.595335708405882,29.43471206873779,51.006953135850196
2025-10-17,No,1.012341980705344,45.37821972639615,16.350902130737662,31.319036320250635,50.68679932026178
2025-10-18,No,1.009830173001338,45.59444675149115,15.520175488258108,30.849421596876383,50.737958317650396
2025-10-19,No,1.0014961847956037,45.229535170831866,13.154057564273803,28.134790736886128,50.231216263130214
2025-10-20,No,0.9883858233731208,45.793709068912655,15.1457312018902,29.945482617980662,48.84509912196388
2025-10-21,No,1.0062655878798608,44.55405234237802,14.297444623625267,29.036218849381584,49.60760686881749
2025-10-22,No,0.9928476682322449,45.18766111880002,16.831665658354094,32.1358484774066,48.587820385711616
2025-10-23,No,0.9747730505656271,43.745323351304435,13.734894033643592,29.032803322815994,51.50698679834265
2025-10-24,No,1.0282889863371627,45.61090132706992,14.12165380905424,29.092403769932538,46.84693412364276
2025-10-25,No,1.0070810202196068,45.12254100156127,17.42247381075267,32.01603079731617,49.67320412689855
2025-10-26,No,1.0181807712848654,44.667540658260215,19.477186778485027,34.30772089385078,53.58081730285725
2025-10-27,No,0.9908837719250556,45.9292339349754,18.998017328455873,33.75977336783153,49.48769817464344
2025-10-28,No,1.014675028234119,45.55322091903721,15.126446023321217,29.697780438334558,48.297823067290864
2025-10-29,No,1.01589869158149,42.746884606604745,15.437709414136448,31.251931411446957,49.9730676354328
2025-10-30,No,1.0155454952450118,45.03190659861389,18.06691732456532,32.8887400522681,51.9340645462183
2025-10-31,No,0.9997879366678785,43.83598080261777,14.751130387510738,29.78125690089661,49.759324373360926
2025-11-01,No,0.987975379562574,45.85332789957469,13.047301725725267,28.981214390134028,50.92002320104727
2025-11-02,No,0.9982268719313636,46.99125985832385,15.233751194872596,30.722384574193907,50.14992948341985
2025-11-03,No,0.977972308862334,44.58517319142773,15.903033561064262,30.76874677566802,49.44069040714869
2025-11-04,No,0.9829798761059646,45.05966332200154,13.341700764363503,28.775523278524773,54.72543179235686
2025-11-05,No,1.0009193878115026,44.79917314087312,11.707537717001696,26.501794782056052,50.106725956457936
2025-11-06,No,0.9900860153423182,45.28065048977618,12.126540970891797,27.093465412151758,49.19426339106392
2025-11-07,No,0.9983555314454525,45.515639212487045,16.33085856834466,30.067606988034953,49.265025005338224
2025-11-08,No,0.9989100024859864,46.029755149232244,13.483246967376314,29.245105782546503,50.57086174765703
2025-11-09,No,1.019307270485184,44.21006293240177,14.717305815257772,28.796369505314335,50.61382610088086
2025-11-10,No,1.0129762656975094,46.25730784945888,15.425117368675677,30.723243248781504,51.15801741962269
2025-11-11,No,0.9995512741583717,44.25478891516511,16.23828175818942,30.699115137232308,50.21171604952681
2025-11-12,No,1.0120889953416934,45.221670959496,14.330194402573051,28.907689228406955,47.85257274507029
2025-11-13,No,0.9922028685530966,45.92686131166135,15.997431400961204,30.80017282317146,50.79788293694573
2025-11-14,No,0.9966310297590513,45.570558990718396,13.219879415758314,28.53109756405826,49.53655499160687
2025-11-15,No,1.009102243101174,44.249140047209316,14.276571948643976,29.65496799337973,49.57084975449979
2025-11-16,No,0.9875833942242901,44.43846110654038,12.951168824424258,29.041867784479038,47.77563432779186
2025-11-17,No,0.9972101927169977,44.63013527781504,17.263534432723834,32.21648801833727,49.139712888880624
2025-11-18,No,0.9867915413991195,44.959064575099276,14.945833543866017,30.39184787101079,48.90974267855655
2025-11-19,No,1.0011747240782798,45.91756259865499,13.5213850247394,28.370002017342404,49.945304235419634
2025-11-20,No,1.0163251575558943,43.96655084999856,14.295256403869708,29.722591419760775,47.8198714307321
2025-11-21,No,0.9924790311089903,45.373361203690195,14.55654303855345,29.67752311121318,50.07598443892606
2025-11-22,No,1.0022587949591384,45.487977945738294,16.401039582650018,31.0293435224174,50.18650398617396
2025-11-23,No,0.9910267809836351,45.44663097772617,11.808727643629528,27.079865221382956,48.32034822244545
2025-11-24,No,0.9885045105675961,45.37304506756639,12.925588316749161,28.102001933912327,49.06301545055281
2025-11-25,No,0.9876415047965825,46.21465449705593,14.243785496885005,29.414966573460166,48.713669654688125
2025-11-26,No,1.014547520814096,45.39024667469299,20.06461166553561,34.75884608844463,51.361421738596725
2025-11-27,No,1.0236243547061759,45.68556739564797,16.911357785063988,31.465776821194194,46.20760415173969
2025-11-28,No,1.0048304370530559,45.450837203941894,14.777096641738114,29.429000255294405,49.48501269120875
2025-11-29,No,0.9928370703086267,46.434490266182635,16.42399916482168,31.65533504081588,47.50920987163697
2025-11-30,No,1.007048916343432,43.480156208349705,19.11487233926067,32.85510960031831,49.352492602963096
2025-12-01,No,0.9966567647365696,46.025686861695426,14.53251214644922,29.270157606390693,51.27011125460545
2025-12-02,No,1.0080139834753736,44.791175380597245,14.26717331180488,30.11676477866392,49.05408308090189
2025-12-03,No,1.0029099363819944,44.77542651165089,17.42388708644379,30.827899531857653,50.207582913235804
2025-12-04,No,1.002797041508551,44.22441860541887,15.988350996265885,30.5429898857665,48.732837784624806
2025-12-05,No,1.006072760593753,43.50504362559454,16.342666310645114,31.552259374249083,52.909223910867546
2025-12-06,No,0.9942050636302284,44.69448412195395,13.98355520143884,28.26003907909109,51.36979449362859
2025-12-07,No,0.9959563217688714,44.45016535238578,18.848406264685483,34.7626366988956,51.69078707972765
2025-12-08,No,0.9827875440994605,45.39533918356856,18.41918160318732,31.783061652835507,48.00772784698889
2025-12-09,No,0.9955813055854654,43.822190021650066,16.1318955777455,31.736985745514982,48.348381693861725
2025-12-10,No,0.9857766730993517,46.1452905436353,16.368579676294473,32.01039239157375,51.61963632138517
2025-12-11,No,0.9985531880096006,45.21754707457149,10.94547825551393,26.809106612920655,49.708447728807606
2025-12-12,No,0.9904236905061374,44.80167784677537,16.275419586994417,31.03708484222825,49.61311692310739
2025-12-13,No,1.001012344203213,44.432461320651285,14.611782825549353,29.829193644310646,50.50067496845411
2025-12-14,No,1.0045323930641574,44.37023435563803,15.867811411656444,30.332405325392653,48.11723447307733
2025-12-15,No,0.9857987742893513,44.095930268303505,16.364918823692197,31.633089270896402,51.1593002844177
2025-12-16,No,0.9918672090575403,44.56451142007427,14.317416463783449,28.825742361344524,50.0274859440236
2025-12-17,No,0.9905668809816461,45.00484033191561,11.61903639962583,26.820195792883553,50.718860218335436
2025-12-18,No,1.0074649342507844,44.85810924044512,15.73574913014847,31.160298856968282,48.994078973175114
2025-12-19,No,1.0170636202738683,43.86840970095617,13.51723269511921,28.108357972440942,50.769844792818894
2025-12-20,No,1.0085153661536974,44.78733740716504,14.339611814551322,29.223516354915972,48.94267755582647
2025-12-21,No,0.9965058107230087,44.28545366773034,13.79098031181161,28.994014693397993,51.43157089535688
2025-12-22,No,1.0146500638963614,45.12790574804966,14.316851489489624,28.714272170606336,51.69446928065656
2025-12-23,No,0.9848589226355873,46.491721500163294,10.380958085468116,26.42504852546294,51.36782842739721
2025-12-24,No,1.0149935805212809,45.50001815529062,17.433894254463034,32.360891874327834,50.77469549881985
2025-12-25,No,0.9934378579369818,44.74950404894228,15.506692204652948,29.69822799699239,50.95072438190215
2025-12-26,No,0.9721970678484528,43.700093461220405,17.222798525837728,31.977034101222,45.94110890737027
2025-12-27,No,1.0265080473908477,43.86822055305697,18.95968365961987,33.17604770790834,51.25232630864916
2025-12-28,No,1.0157802307432355,43.65062133961945,15.045186245125501,29.711888637341175,49.58894020934872
2025-12-29,No,0.9896811627287989,45.58077477072067,11.395127488318849,26.793987137888383,50.14241748967374
2025-12-30,No,1.0016900864759315,44.3879445199648,13.21222629924083,28.03615820876731,49.574440786521116
